"route_id","vehicle_id","driver_id","route_date","route_start_time","route_end_time","total_stops","route_distance_km","route_duration_minutes","stop_id","stop_sequence","stop_scheduled_time","stop_actual_time","delay_minutes","stop_latitude","stop_longitude","stop_street_address","stop_city","stop_state","stop_postal_code","stop_country","package_id","package_weight_kg","package_volume_m3","delivery_status","resource_type","weather_condition","traffic_condition"
"R001","V001","D001","2024-05-01","2024-05-01T08:00:00","2024-05-01T10:15:00","3","18.4","135","S001","1","2024-05-01T08:30:00","2024-05-01T08:33:00","3","40.7128","-74.006","123 Broadway Ave","New York","NY","10007","USA","P001","2.8","0.07","delivered","van","cloudy","moderate"
"R001","V001","D001","2024-05-01","2024-05-01T08:00:00","2024-05-01T10:15:00","3","18.4","135","S002","2","2024-05-01T09:00:00","2024-05-01T09:09:00","9","40.7306","-73.9866","456 5th Ave","New York","NY","10010","USA","P002","7.2","0.15","delivered","van","cloudy","heavy"
"R001","V001","D001","2024-05-01","2024-05-01T08:00:00","2024-05-01T10:15:00","3","18.4","135","S003","3","2024-05-01T10:00:00","","","40.7498","-73.9876","789 Madison St","New York","NY","10016","USA","P003","1.5","0.04","pending","van","rain","moderate"
"R002","V002","D002","2024-05-02","2024-05-02T07:30:00","2024-05-02T09:05:00","2","11.2","95","S004","1","2024-05-02T08:00:00","2024-05-02T08:04:00","4","48.8566","2.3522","12 Rue de Rivoli","Paris","IDF","75001","France","P004","1.1","0.03","delivered","van","clear","light"
"R002","V002","D002","2024-05-02","2024-05-02T07:30:00","2024-05-02T09:05:00","2","11.2","95","S005","2","2024-05-02T09:00:00","2024-05-02T09:02:00","2","48.8708","2.3042","5 Avenue Montaigne","Paris","IDF","75008","France","P005","2.6","0.08","delivered","van","cloudy","light"
"R003","V003","D003","2024-05-03","2024-05-03T06:00:00","2024-05-03T20:00:00","2","1100.7","840","S006","1","2024-05-03T12:30:00","2024-05-03T13:54:00","84","35.6895","139.6917","1 Chiyoda","Tokyo","Tōkyō","100-0001","Japan","P006","78.6","0.9","delivered","truck","fog","heavy"
"R003","V003","D003","2024-05-03","2024-05-03T06:00:00","2024-05-03T20:00:00","2","1100.7","840","S007","2","2024-05-03T19:30:00","2024-05-03T20:15:00","45","35.6762","139.6503","22 Shibuya","Tokyo","Tōkyō","150-0002","Japan","P007","59.3","0.7","returned","truck","rain","blocked"
"R004","V004","D004","2024-05-04","2024-05-04T09:15:00","2024-05-04T12:00:00","4","28.2","165","S008","1","2024-05-04T09:40:00","2024-05-04T09:38:00","-2","51.5074","-0.1278","14 Oxford St","London","ENG","W1D 1BS","UK","P008","5.3","0.11","delivered","bike","clear","light"
"R004","V004","D004","2024-05-04","2024-05-04T09:15:00","2024-05-04T12:00:00","4","28.2","165","S009","2","2024-05-04T10:10:00","2024-05-04T10:12:00","2","51.5155","-0.1421","75 Regent St","London","ENG","W1B 5RL","UK","P009","7.8","0.18","delivered","bike","rain","moderate"
"R004","V004","D004","2024-05-04","2024-05-04T09:15:00","2024-05-04T12:00:00","4","28.2","165","S010","3","2024-05-04T11:00:00","2024-05-04T11:15:00","15","51.5007","-0.1246","1 Parliament Sq","London","ENG","SW1P 3JX","UK","P010","3.4","0.06","failed","bike","rain","blocked"
"R004","V004","D004","2024-05-04","2024-05-04T09:15:00","2024-05-04T12:00:00","4","28.2","165","S011","4","2024-05-04T11:45:00","","","51.5285","-0.1337","22 Camden High St","London","ENG","NW1 0JH","UK","P011","2","0.05","pending","bike","cloudy","light"
"R005","V005","D005","2024-05-05","2024-05-05T10:00:00","2024-05-05T10:50:00","1","0.6","50","S012","1","2024-05-05T10:30:00","2024-05-05T10:40:00","10","-54.8019","-68.303","101 Maipú","Ushuaia","TDF","V9410","Argentina","P012","38.9","0.4","returned","truck","snow","blocked"
"R006","V006","D006","2024-05-06","2024-05-06T15:00:00","2024-05-06T17:15:00","2","12.3","135","S013","1","2024-05-06T15:30:00","2024-05-06T15:32:00","2","-34.6037","-58.3816","203 Florida St","Buenos Aires","CABA","C1005","Argentina","P013","6.7","0.13","delivered","van","rain","moderate"
"R006","V006","D006","2024-05-06","2024-05-06T15:00:00","2024-05-06T17:15:00","2","12.3","135","S014","2","2024-05-06T16:45:00","","","-34.6046","-58.3838","11 Corrientes Ave","Buenos Aires","CABA","C1043","Argentina","P014","2.3","0.04","pending","van","clear","light"
"R007","V007","D007","2024-05-07","2024-05-07T11:00:00","2024-05-07T12:10:00","2","7.1","70","S015","1","2024-05-07T11:25:00","2024-05-07T11:26:00","1","55.7558","37.6173","50 Tverskaya St","Moscow","MOW","101000","Russia","P015","1.8","0.05","delivered","van","cloudy","moderate"
"R007","V007","D007","2024-05-07","2024-05-07T11:00:00","2024-05-07T12:10:00","2","7.1","70","S016","2","2024-05-07T11:55:00","2024-05-07T12:03:00","8","55.7601","37.6187","9 Arbat St","Moscow","MOW","119019","Russia","P016","3.2","0.09","delivered","van","rain","heavy"
"R008","V008","D008","2024-05-08","2024-05-08T13:30:00","2024-05-08T17:50:00","2","1300.4","260","S017","1","2024-05-08T14:40:00","2024-05-08T15:30:00","50","19.4326","-99.1332","33 Reforma","Mexico City","CDMX","01000","Mexico","P017","84.1","1.3","failed","truck","storm","blocked"
"R008","V008","D008","2024-05-08","2024-05-08T13:30:00","2024-05-08T17:50:00","2","1300.4","260","S018","2","2024-05-08T17:20:00","","","19.4285","-99.1277","77 Insurgentes","Mexico City","CDMX","03020","Mexico","P018","22.5","0.35","pending","truck","rain","heavy"
"R009","V009","D009","2024-05-09","2024-05-09T08:40:00","2024-05-09T10:00:00","1","0.2","80","S019","1","2024-05-09T09:10:00","2024-05-09T09:25:00","15","71.2906","-156.7887","22 Arctic Ave","Barrow","AK","99723","USA","P019","0","0","failed","van","snow","blocked"
"R010","V010","D010","2024-05-10","2024-05-10T17:00:00","2024-05-10T18:30:00","3","16.5","90","S020","1","2024-05-10T17:20:00","2024-05-10T17:18:00","-2","48.8584","2.2945","7 Champs-Élysées","Paris","IDF","75008","France","P020","4.1","0.08","delivered","car","fog","moderate"
"R010","V010","D010","2024-05-10","2024-05-10T17:00:00","2024-05-10T18:30:00","3","16.5","90","S021","2","2024-05-10T17:50:00","2024-05-10T17:58:00","8","48.8647","2.349","13 Rue Saint-Honoré","Paris","IDF","75001","France","P021","8.7","0.22","delivered","car","cloudy","moderate"
"R010","V010","D010","2024-05-10","2024-05-10T17:00:00","2024-05-10T18:30:00","3","16.5","90","S022","3","2024-05-10T18:20:00","","","48.8738","2.295","31 Rue de Berri","Paris","IDF","75008","France","P022","5.9","0.12","pending","car","cloudy","heavy"
"R011","V011","D011","2024-05-11","2024-05-11T08:00:00","2024-05-11T08:45:00","1","0.7","45","S023","1","2024-05-11T08:25:00","2024-05-11T08:45:00","20","-33.8688","151.2093","202 Pitt St","Sydney","NSW","2000","Australia","P023","41.7","0.55","failed","truck","clear","light"
"R012","V012","D012","2024-05-12","2024-05-12T09:00:00","2024-05-12T12:10:00","1","0.2","190","S024","1","2024-05-12T11:30:00","2024-05-12T11:30:00","0","1.3521","103.8198","75 Orchard Road","Singapore","SG","238895","Singapore","P024","0.2","0.01","delivered","van","clear","light"
"R013","V013","D013","2024-05-13","2024-05-13T14:00:00","2024-05-13T17:30:00","3","22.7","210","S025","1","2024-05-13T14:25:00","2024-05-13T14:26:00","1","-34.6037","-58.3816","17 Belgrano","Buenos Aires","CABA","C1093","Argentina","P025","7.9","0.14","delivered","car","cloudy","light"
"R013","V013","D013","2024-05-13","2024-05-13T14:00:00","2024-05-13T17:30:00","3","22.7","210","S026","2","2024-05-13T15:50:00","2024-05-13T15:57:00","7","-34.6019","-58.3823","82 Lavalle","Buenos Aires","CABA","C1051","Argentina","P026","10.2","0.18","delivered","car","rain","moderate"
"R013","V013","D013","2024-05-13","2024-05-13T14:00:00","2024-05-13T17:30:00","3","22.7","210","S027","3","2024-05-13T17:20:00","","","-34.6041","-58.3788","29 Sarmiento","Buenos Aires","CABA","C1042","Argentina","P027","6.6","0.12","pending","car","clear","light"
"R014","V014","D014","2024-05-14","2024-05-14T07:00:00","2024-05-14T08:45:00","2","13.1","105","S028","1","2024-05-14T07:30:00","2024-05-14T07:36:00","6","1.3521","103.8198","10 Raffles Place","Singapore","SG","048616","Singapore","P028","2.8","0.08","delivered","van","clear","moderate"
"R014","V014","D014","2024-05-14","2024-05-14T07:00:00","2024-05-14T08:45:00","2","13.1","105","S029","2","2024-05-14T08:30:00","2024-05-14T08:45:00","15","1.3554","103.8677","4 Marina Blvd","Singapore","SG","018980","Singapore","P029","3.9","0.09","failed","van","rain","heavy"
"R015","V015","D015","2024-05-15","2024-05-15T12:00:00","2024-05-15T13:45:00","2","15.7","105","S030","1","2024-05-15T12:30:00","2024-05-15T12:29:00","-1","55.7558","37.6173","20 Pushkin Sq","Moscow","MOW","101000","Russia","P030","2.3","0.07","delivered","van","cloudy","moderate"
"R015","V015","D015","2024-05-15","2024-05-15T12:00:00","2024-05-15T13:45:00","2","15.7","105","S031","2","2024-05-15T13:30:00","","","55.7512","37.6184","2 Kutuzovsky Ave","Moscow","MOW","121170","Russia","P031","3.8","0.09","pending","van","cloudy","heavy"
"R016","V016","D016","2024-05-16","2024-05-16T08:00:00","2024-05-16T09:00:00","1","0.4","60","S032","1","2024-05-16T08:30:00","2024-05-16T08:38:00","8","-33.8688","151.2093","65 George St","Sydney","NSW","2000","Australia","P032","0.6","0.02","delivered","van","clear","light"
"R017","V017","D017","2024-05-17","2024-05-17T10:00:00","2024-05-17T12:30:00","3","23.8","150","S033","1","2024-05-17T10:20:00","2024-05-17T10:22:00","2","40.7306","-73.9866","33 3rd Ave","New York","NY","10016","USA","P033","2.5","0.06","delivered","van","rain","moderate"
"R017","V017","D017","2024-05-17","2024-05-17T10:00:00","2024-05-17T12:30:00","3","23.8","150","S034","2","2024-05-17T11:15:00","2024-05-17T11:25:00","10","40.7498","-73.9876","66 Park Ave","New York","NY","10022","USA","P034","8.4","0.18","delivered","van","cloudy","heavy"
"R017","V017","D017","2024-05-17","2024-05-17T10:00:00","2024-05-17T12:30:00","3","23.8","150","S035","3","2024-05-17T12:15:00","","","40.758","-73.9855","101 Times Sq","New York","NY","10036","USA","P035","3.1","0.07","pending","van","rain","moderate"
"R018","V018","D018","2024-05-18","2024-05-18T06:00:00","2024-05-18T13:20:00","2","1020.1","440","S036","1","2024-05-18T09:00:00","2024-05-18T09:32:00","32","-34.6037","-58.3816","101 Alem","Buenos Aires","CABA","C1003","Argentina","P036","61.2","0.7","delivered","truck","rain","blocked"
"R018","V018","D018","2024-05-18","2024-05-18T06:00:00","2024-05-18T13:20:00","2","1020.1","440","S037","2","2024-05-18T13:00:00","2024-05-18T13:20:00","20","-34.6101","-58.3761","12 Suipacha","Buenos Aires","CABA","C1008","Argentina","P037","24.5","0.35","returned","truck","fog","blocked"
"R019","V019","D019","2024-05-19","2024-05-19T14:00:00","2024-05-19T15:45:00","2","13.8","105","S038","1","2024-05-19T14:35:00","2024-05-19T14:40:00","5","1.3521","103.8198","91 Bukit Timah","Singapore","SG","229837","Singapore","P038","4.7","0.13","delivered","van","cloudy","moderate"
"R019","V019","D019","2024-05-19","2024-05-19T14:00:00","2024-05-19T15:45:00","2","13.8","105","S039","2","2024-05-19T15:30:00","2024-05-19T15:45:00","15","1.3554","103.8677","47 Newton Rd","Singapore","SG","307990","Singapore","P039","3.2","0.08","failed","van","cloudy","heavy"
"R020","V020","D020","2024-05-20","2024-05-20T09:00:00","2024-05-20T11:00:00","2","14.6","120","S040","1","2024-05-20T09:35:00","2024-05-20T09:33:00","-2","48.8566","2.3522","10 Rue Mouffetard","Paris","IDF","75005","France","P040","5.7","0.15","delivered","car","clear","light"
"R020","V020","D020","2024-05-20","2024-05-20T09:00:00","2024-05-20T11:00:00","2","14.6","120","S041","2","2024-05-20T10:45:00","","","48.8534","2.3488","8 Rue de la Huchette","Paris","IDF","75005","France","P041","7","0.18","pending","car","cloudy","moderate"
"R021","V021","D021","2024-05-21","2024-05-21T07:30:00","2024-05-21T08:50:00","2","8.7","80","S042","1","2024-05-21T07:50:00","2024-05-21T07:54:00","4","51.5074","-0.1278","9 Baker St","London","ENG","NW1 6XE","UK","P042","2.1","0.05","delivered","bike","rain","moderate"
"R021","V021","D021","2024-05-21","2024-05-21T07:30:00","2024-05-21T08:50:00","2","8.7","80","S043","2","2024-05-21T08:40:00","2024-05-21T08:50:00","10","51.5155","-0.1421","23 Tottenham Ct","London","ENG","W1T 7AQ","UK","P043","6.3","0.13","failed","bike","cloudy","heavy"
"R022","V022","D022","2024-05-22","2024-05-22T14:15:00","2024-05-22T15:30:00","2","7.9","75","S044","1","2024-05-22T14:35:00","2024-05-22T14:34:00","-1","40.7128","-74.006","88 Canal St","New York","NY","10002","USA","P044","3.1","0.09","delivered","car","clear","light"
"R022","V022","D022","2024-05-22","2024-05-22T14:15:00","2024-05-22T15:30:00","2","7.9","75","S045","2","2024-05-22T15:20:00","","","40.7306","-73.9866","110 Bowery","New York","NY","10012","USA","P045","5.6","0.12","pending","car","cloudy","moderate"
"R023","V023","D023","2024-05-23","2024-05-23T09:00:00","2024-05-23T10:30:00","2","12.2","90","S046","1","2024-05-23T09:20:00","2024-05-23T09:22:00","2","48.8566","2.3522","34 Rue de Lyon","Paris","IDF","75012","France","P046","3.3","0.08","delivered","van","rain","moderate"
"R023","V023","D023","2024-05-23","2024-05-23T09:00:00","2024-05-23T10:30:00","2","12.2","90","S047","2","2024-05-23T10:10:00","","","48.8708","2.3042","45 Rue d'Alésia","Paris","IDF","75014","France","P047","2.8","0.07","pending","van","cloudy","light"
"R024","V024","D024","2024-05-24","2024-05-24T11:00:00","2024-05-24T13:15:00","2","9.8","135","S048","1","2024-05-24T11:35:00","2024-05-24T11:38:00","3","51.5074","-0.1278","41 Fleet St","London","ENG","EC4Y 1AA","UK","P048","2.7","0.06","delivered","bike","cloudy","light"
"R024","V024","D024","2024-05-24","2024-05-24T11:00:00","2024-05-24T13:15:00","2","9.8","135","S049","2","2024-05-24T13:00:00","2024-05-24T13:15:00","15","51.5155","-0.1421","99 Strand","London","ENG","WC2R 0DE","UK","P049","5.1","0.11","failed","bike","rain","heavy"
"R025","V025","D025","2024-05-25","2024-05-25T08:00:00","2024-05-25T09:45:00","2","10.3","105","S050","1","2024-05-25T08:30:00","","","48.8566","2.3522","37 Rue Lafayette","Paris","IDF","75009","France","P050","6.2","0.13","pending","van","rain","moderate"
"R201","V201","D201","2024-07-10","2024-07-10T08:20:00","2024-07-10T10:10:00","3","24.6","110","S201","1","2024-07-10T08:45:00","2024-07-10T08:49:00","4","40.7512","-73.9759","112 Madison Ave","New York","NY","10016","USA","P201","7.1","0.13","delivered","van","cloudy","moderate"
"R201","V201","D201","2024-07-10","2024-07-10T08:20:00","2024-07-10T10:10:00","3","24.6","110","S202","2","2024-07-10T09:19:00","2024-07-10T09:22:00","3","40.7627","-73.9845","405 W 45th St","New York","NY","10036","USA","P202","5.3","0.1","delivered","van","cloudy","heavy"
"R201","V201","D201","2024-07-10","2024-07-10T08:20:00","2024-07-10T10:10:00","3","24.6","110","S203","3","2024-07-10T09:55:00","","","40.7736","-73.9568","235 E 86th St","New York","NY","10028","USA","P203","9.8","0.17","pending","van","rain","moderate"
"R202","V202","D202","2024-07-11","2024-07-11T09:10:00","2024-07-11T12:05:00","3","19.2","175","S204","1","2024-07-11T09:36:00","2024-07-11T09:35:00","-1","48.8638","2.3447","5 Rue du Faubourg","Paris","IDF","75010","France","P204","2.9","0.08","delivered","van","clear","light"
"R202","V202","D202","2024-07-11","2024-07-11T09:10:00","2024-07-11T12:05:00","3","19.2","175","S205","2","2024-07-11T10:21:00","2024-07-11T10:26:00","5","48.87","2.3305","17 Avenue Montaigne","Paris","IDF","75008","France","P205","6.1","0.11","delivered","van","cloudy","moderate"
"R202","V202","D202","2024-07-11","2024-07-11T09:10:00","2024-07-11T12:05:00","3","19.2","175","S206","3","2024-07-11T11:54:00","2024-07-11T12:00:00","6","48.8559","2.2981","220 Rue de Vaugirard","Paris","IDF","75015","France","P206","8.4","0.14","delivered","van","rain","heavy"
"R203","V203","D203","2024-07-16","2024-07-16T07:25:00","2024-07-16T08:10:00","2","16.3","45","S207","1","2024-07-16T07:43:00","2024-07-16T07:45:00","2","55.7503","37.6187","44 Tverskaya St","Moscow","MOW","101000","Russia","P207","6.9","0.12","delivered","van","fog","moderate"
"R203","V203","D203","2024-07-16","2024-07-16T07:25:00","2024-07-16T08:10:00","2","16.3","45","S208","2","2024-07-16T07:59:00","","","55.7581","37.6008","7 Arbat St","Moscow","MOW","119002","Russia","P208","7.6","0.13","pending","van","cloudy","moderate"
"R204","V204","D204","2024-07-12","2024-07-12T13:30:00","2024-07-12T16:00:00","2","7.9","150","S209","1","2024-07-12T13:54:00","2024-07-12T13:58:00","4","-33.8708","151.2066","200 Pitt St","Sydney","NSW","2000","Australia","P209","4.5","0.09","delivered","van","clear","light"
"R204","V204","D204","2024-07-12","2024-07-12T13:30:00","2024-07-12T16:00:00","2","7.9","150","S210","2","2024-07-12T15:30:00","","","-33.8737","151.1982","15 Castlereagh St","Sydney","NSW","2000","Australia","P210","8.2","0.15","pending","van","rain","heavy"
"R205","V205","D205","2024-07-14","2024-07-14T08:00:00","2024-07-14T20:10:00","2","1150.8","730","S211","1","2024-07-14T10:45:00","2024-07-14T11:13:00","28","35.6895","139.6917","2-5-1 Marunouchi","Tokyo","TKY","100-0005","Japan","P211","34.2","0.42","delivered","truck","fog","heavy"
"R205","V205","D205","2024-07-14","2024-07-14T08:00:00","2024-07-14T20:10:00","2","1150.8","730","S212","2","2024-07-14T19:10:00","2024-07-14T19:55:00","45","35.6762","139.6503","1-1-2 Otemachi","Tokyo","TKY","100-0004","Japan","P212","22.8","0.35","returned","truck","rain","blocked"
"R206","V206","D206","2024-07-13","2024-07-13T09:40:00","2024-07-13T11:15:00","2","8.1","95","S213","1","2024-07-13T10:05:00","2024-07-13T10:03:00","-2","1.3521","103.8198","8 Marina Blvd","Singapore","SG","018981","Singapore","P213","3","0.07","delivered","van","clear","light"
"R206","V206","D206","2024-07-13","2024-07-13T09:40:00","2024-07-13T11:15:00","2","8.1","95","S214","2","2024-07-13T10:50:00","2024-07-13T10:57:00","7","1.2943","103.852","16 Collyer Quay","Singapore","SG","049318","Singapore","P214","6.1","0.11","delivered","van","cloudy","moderate"
"R207","V207","D207","2024-07-17","2024-07-17T10:00:00","2024-07-17T18:30:00","2","980.4","510","S215","1","2024-07-17T10:45:00","2024-07-17T11:30:00","45","19.4326","-99.1332","920 Av. Paseo de la Reforma","Mexico City","CDMX","06600","Mexico","P215","52.6","0.69","failed","truck","storm","blocked"
"R207","V207","D207","2024-07-17","2024-07-17T10:00:00","2024-07-17T18:30:00","2","980.4","510","S216","2","2024-07-17T17:45:00","2024-07-17T18:10:00","25","19.4042","-99.1547","15 Av. Insurgentes Sur","Mexico City","CDMX","03810","Mexico","P216","38.9","0.48","returned","truck","rain","heavy"
"R208","V208","D208","2024-07-18","2024-07-18T11:15:00","2024-07-18T12:45:00","1","0.9","90","S217","1","2024-07-18T11:35:00","2024-07-18T11:38:00","3","-54.8019","-68.303","430 Av. Maipú","Ushuaia","TDF","9410","Argentina","P217","0","0","delivered","van","snow","blocked"
"R209","V209","D209","2024-07-10","2024-07-10T13:00:00","2024-07-10T13:45:00","1","0.2","45","S218","1","2024-07-10T13:16:00","","","71.2906","-156.7887","3929 Ahkovak St","Barrow","AK","99723","USA","P218","14.1","0.27","pending","van","snow","light"
"R210","V210","D210","2024-07-15","2024-07-15T15:00:00","2024-07-15T16:30:00","4","59.2","90","S219","1","2024-07-15T15:18:00","2024-07-15T15:19:00","1","51.5074","-0.1278","91 Oxford St","London","ENG","W1D 2DU","UK","P219","10.8","0.18","delivered","car","fog","moderate"
"R210","V210","D210","2024-07-15","2024-07-15T15:00:00","2024-07-15T16:30:00","4","59.2","90","S220","2","2024-07-15T15:36:00","2024-07-15T15:45:00","9","51.5155","-0.142","28 Regent St","London","ENG","SW1Y 4QF","UK","P220","9.2","0.16","delivered","car","cloudy","heavy"
"R210","V210","D210","2024-07-15","2024-07-15T15:00:00","2024-07-15T16:30:00","4","59.2","90","S221","3","2024-07-15T15:56:00","2024-07-15T16:00:00","4","51.5285","-0.0847","10 City Rd","London","ENG","EC1Y 2AA","UK","P221","11.7","0.19","delivered","car","fog","moderate"
"R210","V210","D210","2024-07-15","2024-07-15T15:00:00","2024-07-15T16:30:00","4","59.2","90","S222","4","2024-07-15T16:28:00","","","51.5007","-0.1246","13 Parliament Sq","London","ENG","SW1P 3JX","UK","P222","8.4","0.14","pending","car","cloudy","moderate"
"R211","V211","D211","2024-07-19","2024-07-19T08:00:00","2024-07-19T08:30:00","1","0.2","30","S223","1","2024-07-19T08:12:00","2024-07-19T08:19:00","7","-54.8051","-68.3049","17 Yaganes","Ushuaia","TDF","9410","Argentina","P223","0","0","returned","van","snow","blocked"
"R212","V212","D212","2024-07-20","2024-07-20T09:00:00","2024-07-20T09:45:00","1","0.6","45","S224","1","2024-07-20T09:21:00","","","71.2923","-156.7895","3853 Nunavak St","Barrow","AK","99723","USA","P224","0","0","pending","van","snow","light"
"R213","V213","D213","2024-07-13","2024-07-13T10:00:00","2024-07-13T13:00:00","3","18.4","180","S225","1","2024-07-13T10:26:00","2024-07-13T10:32:00","6","48.8665","2.3551","54 Blvd Saint-Martin","Paris","IDF","75010","France","P225","4.2","0.09","delivered","van","rain","moderate"
"R213","V213","D213","2024-07-13","2024-07-13T10:00:00","2024-07-13T13:00:00","3","18.4","180","S226","2","2024-07-13T11:11:00","2024-07-13T11:17:00","6","48.8722","2.3168","11 Rue de Berri","Paris","IDF","75008","France","P226","7.7","0.13","delivered","van","cloudy","heavy"
"R213","V213","D213","2024-07-13","2024-07-13T10:00:00","2024-07-13T13:00:00","3","18.4","180","S227","3","2024-07-13T12:27:00","","","48.8588","2.2936","8 Avenue de la Bourdonnais","Paris","IDF","75007","France","P227","6.4","0.12","pending","van","rain","moderate"
"R214","V214","D214","2024-07-12","2024-07-12T08:35:00","2024-07-12T08:59:00","1","0.7","24","S228","1","2024-07-12T08:54:00","2024-07-12T08:57:00","3","-33.8688","151.2093","11 George St","Sydney","NSW","2000","Australia","P228","22.2","0.36","delivered","truck","clear","light"
"R215","V215","D215","2024-07-15","2024-07-15T10:00:00","2024-07-15T11:10:00","2","17.6","70","S229","1","2024-07-15T10:21:00","2024-07-15T10:26:00","5","51.5079","-0.1282","14 Piccadilly","London","ENG","W1J 9LL","UK","P229","7.5","0.13","delivered","car","cloudy","moderate"
"R215","V215","D215","2024-07-15","2024-07-15T10:00:00","2024-07-15T11:10:00","2","17.6","70","S230","2","2024-07-15T10:50:00","","","51.5182","-0.0811","8 Whitechapel High St","London","ENG","E1 7QX","UK","P230","5.1","0.1","pending","car","cloudy","moderate"
"R216","V216","D216","2024-07-12","2024-07-12T14:00:00","2024-07-12T15:10:00","2","9","70","S231","1","2024-07-12T14:21:00","2024-07-12T14:23:00","2","1.2938","103.8522","101 Telok Ayer St","Singapore","SG","068574","Singapore","P231","8.3","0.15","delivered","van","rain","moderate"
"R216","V216","D216","2024-07-12","2024-07-12T14:00:00","2024-07-12T15:10:00","2","9","70","S232","2","2024-07-12T14:50:00","2024-07-12T14:59:00","9","1.3041","103.8315","12 Orchard Rd","Singapore","SG","23896","Singapore","P232","6.9","0.12","delivered","van","rain","heavy"
"R217","V217","D217","2024-07-13","2024-07-13T15:00:00","2024-07-13T15:45:00","1","0.3","45","S233","1","2024-07-13T15:20:00","2024-07-13T15:41:00","21","71.2921","-156.7898","3901 Agvik St","Barrow","AK","99723","USA","P233","0","0","failed","van","snow","blocked"
"R218","V218","D218","2024-07-14","2024-07-14T10:00:00","2024-07-14T11:30:00","2","13.7","90","S234","1","2024-07-14T10:19:00","2024-07-14T10:23:00","4","-34.6037","-58.3816","452 Av. Corrientes","Buenos Aires","BA","C1043","Argentina","P234","5.4","0.1","delivered","bike","cloudy","light"
"R218","V218","D218","2024-07-14","2024-07-14T10:00:00","2024-07-14T11:30:00","2","13.7","90","S235","2","2024-07-14T11:14:00","","","-34.6022","-58.3841","32 Av. de Mayo","Buenos Aires","BA","C1084","Argentina","P235","3.8","0.08","pending","bike","rain","moderate"
"R219","V219","D219","2024-07-11","2024-07-11T16:00:00","2024-07-11T18:10:00","2","10.3","130","S236","1","2024-07-11T16:14:00","2024-07-11T16:20:00","6","-34.6053","-58.3809","23 Av. Santa Fe","Buenos Aires","BA","C1123","Argentina","P236","2","0.07","delivered","bike","rain","blocked"
"R219","V219","D219","2024-07-11","2024-07-11T16:00:00","2024-07-11T18:10:00","2","10.3","130","S237","2","2024-07-11T17:53:00","2024-07-11T17:57:00","4","-34.6031","-58.3823","56 Av. Belgrano","Buenos Aires","BA","C1092","Argentina","P237","5.5","0.11","delivered","bike","cloudy","light"
"R220","V220","D220","2024-07-18","2024-07-18T09:00:00","2024-07-18T10:45:00","2","18.7","105","S238","1","2024-07-18T09:23:00","2024-07-18T09:25:00","2","40.759","-73.9845","127 W 42nd St","New York","NY","10036","USA","P238","8.1","0.14","delivered","van","cloudy","moderate"
"R220","V220","D220","2024-07-18","2024-07-18T09:00:00","2024-07-18T10:45:00","2","18.7","105","S239","2","2024-07-18T10:19:00","","","40.7484","-73.9857","350 5th Ave","New York","NY","10118","USA","P239","6.2","0.11","pending","van","rain","heavy"
"R201","V301","D401","2024-06-12","2024-06-12T07:45:00","2024-06-12T09:15:00","3","22.3","90","S501","1","2024-06-12T08:00:00","2024-06-12T08:04:00","4","40.73061","-73.935242","412 Main Street","New York","NY","10001","USA","P601","2.6","0.12","delivered","van","cloudy","moderate"
"R201","V301","D401","2024-06-12","2024-06-12T07:45:00","2024-06-12T09:15:00","3","22.3","90","S502","2","2024-06-12T08:35:00","2024-06-12T08:45:00","10","40.742054","-73.989151","198 Broadway","New York","NY","10011","USA","P602","3.1","0.14","delivered","van","cloudy","moderate"
"R201","V301","D401","2024-06-12","2024-06-12T07:45:00","2024-06-12T09:15:00","3","22.3","90","S503","3","2024-06-12T09:00:00","","","40.758896","-73.98513","824 5th Avenue","New York","NY","10022","USA","P603","1.8","0.09","pending","van","cloudy","moderate"
"R202","V302","D402","2024-06-13","2024-06-13T10:15:00","2024-06-13T18:00:00","2","280.1","465","S504","1","2024-06-13T12:10:00","2024-06-13T12:37:00","27","34.052235","-118.243683","1592 Sunset Blvd","Los Angeles","CA","90026","USA","P604","78.9","1.2","returned","truck","rain","blocked"
"R202","V302","D402","2024-06-13","2024-06-13T10:15:00","2024-06-13T18:00:00","2","280.1","465","S505","2","2024-06-13T16:35:00","2024-06-13T17:40:00","65","34.01947","-118.491227","310 Ocean Ave","Santa Monica","CA","90401","USA","P605","45.7","0.45","failed","truck","rain","heavy"
"R203","V303","D403","2024-06-14","2024-06-14T09:20:00","2024-06-14T11:00:00","2","12.7","100","S506","1","2024-06-14T09:50:00","2024-06-14T09:50:00","0","48.870803","2.304563","12 Rue de Rivoli","Paris","Île-de-France","75001","France","P606","7.9","0.21","delivered","van","clear","light"
"R203","V303","D403","2024-06-14","2024-06-14T09:20:00","2024-06-14T11:00:00","2","12.7","100","S507","2","2024-06-14T10:30:00","","","48.864716","2.349014","58 Rue Saint-Honoré","Paris","Île-de-France","75001","France","P607","4.2","0.13","pending","van","clear","light"
"R204","V304","D404","2024-06-15","2024-06-15T12:30:00","2024-06-15T15:00:00","4","17.4","150","S508","1","2024-06-15T12:45:00","2024-06-15T12:47:00","2","51.515419","-0.141099","22 Oxford St","London","England","W1D1AN","UK","P608","1.2","0.07","delivered","car","cloudy","moderate"
"R204","V304","D404","2024-06-15","2024-06-15T12:30:00","2024-06-15T15:00:00","4","17.4","150","S509","2","2024-06-15T13:15:00","2024-06-15T13:16:00","1","51.507351","-0.127758","8 Piccadilly","London","England","W1J9LL","UK","P609","2.1","0.1","delivered","car","cloudy","moderate"
"R204","V304","D404","2024-06-15","2024-06-15T12:30:00","2024-06-15T15:00:00","4","17.4","150","S510","3","2024-06-15T14:00:00","2024-06-15T14:04:00","4","51.50642","-0.12721","14 Regent St","London","England","SW1Y4NW","UK","P610","2.3","0.09","delivered","car","cloudy","moderate"
"R204","V304","D404","2024-06-15","2024-06-15T12:30:00","2024-06-15T15:00:00","4","17.4","150","S511","4","2024-06-15T14:30:00","","","51.511165","-0.119824","77 Strand","London","England","WC2R0DE","UK","P611","1","0.06","pending","car","cloudy","moderate"
"R205","V305","D405","2024-06-16","2024-06-16T07:00:00","2024-06-16T09:30:00","3","14.3","150","S512","1","2024-06-16T07:35:00","2024-06-16T07:35:00","0","55.755826","37.6173","44 Tverskaya St","Moscow","Moscow","101000","Russia","P612","6.5","0.16","delivered","van","rain","heavy"
"R205","V305","D405","2024-06-16","2024-06-16T07:00:00","2024-06-16T09:30:00","3","14.3","150","S513","2","2024-06-16T08:15:00","2024-06-16T08:18:00","3","55.751244","37.618423","10 Petrovka St","Moscow","Moscow","101000","Russia","P613","8.2","0.18","delivered","van","rain","heavy"
"R205","V305","D405","2024-06-16","2024-06-16T07:00:00","2024-06-16T09:30:00","3","14.3","150","S514","3","2024-06-16T09:00:00","","","55.7601","37.6097","7 Kuznetsky Most","Moscow","Moscow","101000","Russia","P614","9","0.19","pending","van","rain","heavy"
"R206","V306","D406","2024-06-17","2024-06-17T11:30:00","2024-06-17T12:10:00","1","0.7","40","S515","1","2024-06-17T11:45:00","2024-06-17T11:47:00","2","-54.801912","-68.303058","125 Maipu","Ushuaia","Tierra del Fuego","V9410","Argentina","P615","39.1","0.68","delivered","van","snow","light"
"R207","V307","D407","2024-06-18","2024-06-18T04:10:00","2024-06-18T05:40:00","1","0.4","90","S516","1","2024-06-18T04:30:00","2024-06-18T04:50:00","20","71.290556","-156.788611","9 Arctic Ave","Barrow","Alaska","99723","USA","P616","0","0","failed","truck","snow","blocked"
"R208","V308","D408","2024-06-19","2024-06-19T14:00:00","2024-06-19T19:40:00","2","1189.5","340","S517","1","2024-06-19T15:15:00","2024-06-19T15:55:00","40","35.689487","139.691711","3-12-4 Shibuya","Tokyo","Tokyo","150-0002","Japan","P617","48.3","0.81","delivered","truck","storm","blocked"
"R208","V308","D408","2024-06-19","2024-06-19T14:00:00","2024-06-19T19:40:00","2","1189.5","340","S518","2","2024-06-19T18:55:00","2024-06-19T19:40:00","45","35.6895","139.7","1-1-2 Ueno","Tokyo","Tokyo","110-0005","Japan","P618","63.4","1.1","returned","truck","storm","blocked"
"R209","V309","D409","2024-06-20","2024-06-20T17:00:00","2024-06-20T17:25:00","1","0.2","25","S519","1","2024-06-20T17:15:00","2024-06-20T17:18:00","3","1.352083","103.819836","67 Bukit Timah Rd","Singapore","Singapore","238826","Singapore","P619","9.2","0.22","delivered","van","clear","light"
"R210","V310","D410","2024-06-21","2024-06-21T08:15:00","2024-06-21T09:00:00","2","1.7","45","S520","1","2024-06-21T08:35:00","2024-06-21T08:36:00","1","-33.86882","151.209296","5 George St","Sydney","NSW","2000","Australia","P620","6.8","0.15","delivered","van","clear","light"
"R210","V310","D410","2024-06-21","2024-06-21T08:15:00","2024-06-21T09:00:00","2","1.7","45","S521","2","2024-06-21T08:50:00","","","-33.865143","151.2099","19 Pitt St","Sydney","NSW","2000","Australia","P621","2.5","0.08","pending","van","clear","light"
"R211","V311","D411","2024-06-22","2024-06-22T09:00:00","2024-06-22T11:45:00","4","31.8","165","S522","1","2024-06-22T09:30:00","2024-06-22T09:35:00","5","48.856613","2.352222","200 Avenue des Champs","Paris","Île-de-France","75008","France","P622","3","0.11","delivered","van","cloudy","moderate"
"R211","V311","D411","2024-06-22","2024-06-22T09:00:00","2024-06-22T11:45:00","4","31.8","165","S523","2","2024-06-22T10:10:00","2024-06-22T10:17:00","7","48.853","2.3499","31 Rue de la Paix","Paris","Île-de-France","75002","France","P623","4.7","0.13","delivered","van","cloudy","moderate"
"R211","V311","D411","2024-06-22","2024-06-22T09:00:00","2024-06-22T11:45:00","4","31.8","165","S524","3","2024-06-22T11:00:00","2024-06-22T11:04:00","4","48.8606","2.3376","90 Quai Anatole","Paris","Île-de-France","75007","France","P624","2.9","0.09","delivered","van","cloudy","moderate"
"R211","V311","D411","2024-06-22","2024-06-22T09:00:00","2024-06-22T11:45:00","4","31.8","165","S525","4","2024-06-22T11:35:00","","","48.859","2.3308","17 Rue de l'Université","Paris","Île-de-France","75007","France","P625","5.2","0.15","pending","van","cloudy","moderate"
"R212","V312","D412","2024-06-23","2024-06-23T08:00:00","2024-06-23T08:30:00","1","0.6","30","S526","1","2024-06-23T08:15:00","2024-06-23T08:35:00","20","1.2872","103.851959","1 Fullerton Rd","Singapore","Singapore","049213","Singapore","P626","21.3","0.41","returned","truck","rain","blocked"
"R213","V313","D413","2024-06-24","2024-06-24T17:40:00","2024-06-24T18:50:00","2","13.4","70","S527","1","2024-06-24T18:00:00","2024-06-24T18:08:00","8","-34.603722","-58.381592","918 Avenida Corrientes","Buenos Aires","Buenos Aires","C1043AAT","Argentina","P627","4.5","0.1","delivered","car","rain","moderate"
"R213","V313","D413","2024-06-24","2024-06-24T17:40:00","2024-06-24T18:50:00","2","13.4","70","S528","2","2024-06-24T18:40:00","","","-34.608417","-58.373161","1047 Cerrito","Buenos Aires","Buenos Aires","C1010AAU","Argentina","P628","6","0.13","pending","car","rain","moderate"
"R214","V314","D414","2024-06-25","2024-06-25T09:30:00","2024-06-25T10:10:00","1","0.9","40","S529","1","2024-06-25T09:45:00","2024-06-25T09:46:00","1","1.280094","103.850949","4 Bayfront Ave","Singapore","Singapore","018970","Singapore","P629","11.4","0.23","delivered","van","clear","light"
"R215","V315","D415","2024-06-26","2024-06-26T07:00:00","2024-06-26T07:35:00","1","0.5","35","S530","1","2024-06-26T07:15:00","2024-06-26T07:32:00","17","-54.807222","-68.303333","2342 San Martin","Ushuaia","Tierra del Fuego","V9410","Argentina","P630","0","0","returned","truck","snow","blocked"
"R216","V316","D416","2024-06-27","2024-06-27T15:00:00","2024-06-27T16:10:00","2","19.4","70","S531","1","2024-06-27T15:25:00","2024-06-27T15:29:00","4","51.5074","-0.1278","29 Tottenham Ct Rd","London","England","W1T7PQ","UK","P631","7.1","0.17","delivered","car","fog","heavy"
"R216","V316","D416","2024-06-27","2024-06-27T15:00:00","2024-06-27T16:10:00","2","19.4","70","S532","2","2024-06-27T15:50:00","2024-06-27T16:07:00","17","51.5136","-0.0983","15 Bishopsgate","London","England","EC2N3AR","UK","P632","6.8","0.14","failed","car","fog","heavy"
"R217","V317","D417","2024-06-28","2024-06-28T09:00:00","2024-06-28T11:30:00","3","25.6","150","S533","1","2024-06-28T09:30:00","2024-06-28T09:31:00","1","1.3036","103.8369","33 Orchard Rd","Singapore","Singapore","238895","Singapore","P633","3.7","0.09","delivered","van","rain","moderate"
"R217","V317","D417","2024-06-28","2024-06-28T09:00:00","2024-06-28T11:30:00","3","25.6","150","S534","2","2024-06-28T10:15:00","2024-06-28T10:17:00","2","1.2854","103.852","12 Raffles Ave","Singapore","Singapore","039803","Singapore","P634","5.1","0.11","delivered","van","rain","moderate"
"R217","V317","D417","2024-06-28","2024-06-28T09:00:00","2024-06-28T11:30:00","3","25.6","150","S535","3","2024-06-28T11:00:00","","","1.2801","103.8509","22 Marina Blvd","Singapore","Singapore","018980","Singapore","P635","2.8","0.07","pending","van","rain","moderate"
"R201","V201","D201","2024-07-01","2024-07-01T08:15:00","2024-07-01T11:00:00","3","22.7","165","S201","1","2024-07-01T08:35:00","2024-07-01T08:40:00","5","48.8566","2.3522","34 Rue de Rivoli","Paris","IDF","75001","France","P201","4.2","0.18","delivered","van","cloudy","moderate"
"R201","V201","D201","2024-07-01","2024-07-01T08:15:00","2024-07-01T11:00:00","3","22.7","165","S202","2","2024-07-01T09:20:00","2024-07-01T09:29:00","9","48.8671","2.3312","18 Avenue Opera","Paris","IDF","75002","France","P202","6.7","0.22","delivered","van","cloudy","heavy"
"R201","V201","D201","2024-07-01","2024-07-01T08:15:00","2024-07-01T11:00:00","3","22.7","165","S203","3","2024-07-01T10:05:00","","","48.8743","2.3285","14 Boulevard Haussmann","Paris","IDF","75009","France","P203","2.9","0.11","pending","van","cloudy","moderate"
"R202","V202","D202","2024-07-02","2024-07-02T09:00:00","2024-07-02T18:15:00","2","328.3","555","S204","1","2024-07-02T12:25:00","2024-07-02T12:58:00","33","35.6895","139.6917","2 Chome-4-1 Marunouchi","Tokyo","Tokyo","100-0005","Japan","P204","64.4","0.95","failed","truck","rain","blocked"
"R202","V202","D202","2024-07-02","2024-07-02T09:00:00","2024-07-02T18:15:00","2","328.3","555","S205","2","2024-07-02T17:05:00","2024-07-02T17:39:00","34","35.6762","139.6503","1-1 Shibuya","Tokyo","Tokyo","150-0002","Japan","P205","35.2","0.78","returned","truck","storm","blocked"
"R203","V203","D203","2024-07-03","2024-07-03T06:55:00","2024-07-03T08:45:00","2","11.2","110","S206","1","2024-07-03T07:10:00","2024-07-03T07:14:00","4","40.7128","-74.006","88 Wall Street","New York","NY","10005","USA","P206","7","0.16","delivered","van","clear","light"
"R203","V203","D203","2024-07-03","2024-07-03T06:55:00","2024-07-03T08:45:00","2","11.2","110","S207","2","2024-07-03T08:10:00","","","40.7306","-73.9352","21 Astor Place","New York","NY","10003","USA","P207","2.1","0.08","pending","van","cloudy","moderate"
"R204","V204","D204","2024-07-04","2024-07-04T14:05:00","2024-07-04T15:30:00","1","0.8","85","S208","1","2024-07-04T14:25:00","2024-07-04T14:30:00","5","-54.8019","-68.303","7 Maipú","Ushuaia","TDF","9410","Argentina","P208","0","","delivered","truck","snow","light"
"R205","V205","D205","2024-07-05","2024-07-05T11:00:00","2024-07-05T13:10:00","3","18.5","130","S209","1","2024-07-05T11:20:00","2024-07-05T11:25:00","5","51.5074","-0.1278","3 Piccadilly","London","LDN","W1J9","UK","P209","1.8","0.06","delivered","bike","rain","moderate"
"R205","V205","D205","2024-07-05","2024-07-05T11:00:00","2024-07-05T13:10:00","3","18.5","130","S210","2","2024-07-05T12:05:00","2024-07-05T12:14:00","9","51.5156","-0.1419","10 Oxford St","London","LDN","WC1A1","UK","P210","4.4","0.14","delivered","bike","rain","light"
"R205","V205","D205","2024-07-05","2024-07-05T11:00:00","2024-07-05T13:10:00","3","18.5","130","S211","3","2024-07-05T12:50:00","","","51.5202","-0.1049","55 Gray's Inn Rd","London","LDN","EC1R1","UK","P211","2","0.07","pending","bike","cloudy","light"
"R206","V206","D206","2024-07-06","2024-07-06T15:30:00","2024-07-06T19:55:00","2","1189.2","265","S212","1","2024-07-06T17:10:00","2024-07-06T17:40:00","30","19.4326","-99.1332","16 Calle Madero","Mexico City","CDMX","06000","Mexico","P212","79","1.43","returned","truck","storm","heavy"
"R206","V206","D206","2024-07-06","2024-07-06T15:30:00","2024-07-06T19:55:00","2","1189.2","265","S213","2","2024-07-06T18:55:00","2024-07-06T19:50:00","55","19.4267","-99.1736","25 Av Insurgentes","Mexico City","CDMX","06760","Mexico","P213","24.8","0.84","failed","truck","fog","blocked"
"R207","V207","D207","2024-07-07","2024-07-07T07:05:00","2024-07-07T10:00:00","4","34.2","175","S214","1","2024-07-07T07:20:00","2024-07-07T07:25:00","5","1.3521","103.8198","12 Raffles Place","Singapore","SG","048621","Singapore","P214","9.6","0.32","delivered","van","clear","moderate"
"R207","V207","D207","2024-07-07","2024-07-07T07:05:00","2024-07-07T10:00:00","4","34.2","175","S215","2","2024-07-07T08:30:00","2024-07-07T08:35:00","5","1.2815","103.8481","65 Orchard Rd","Singapore","SG","238896","Singapore","P215","6.4","0.24","delivered","van","cloudy","heavy"
"R207","V207","D207","2024-07-07","2024-07-07T07:05:00","2024-07-07T10:00:00","4","34.2","175","S216","3","2024-07-07T09:20:00","2024-07-07T09:21:00","1","1.3048","103.8318","41 Bukit Timah Rd","Singapore","SG","259719","Singapore","P216","7.1","0.26","delivered","van","rain","moderate"
"R207","V207","D207","2024-07-07","2024-07-07T07:05:00","2024-07-07T10:00:00","4","34.2","175","S217","4","2024-07-07T09:55:00","","","1.3521","103.8198","2 Marina Blvd","Singapore","SG","018983","Singapore","P217","2.2","0.08","pending","van","clear","light"
"R208","V208","D208","2024-07-08","2024-07-08T10:15:00","2024-07-08T12:50:00","1","0.2","35","S218","1","2024-07-08T10:30:00","2024-07-08T10:33:00","3","71.2906","-156.7887","6 Arctic Ave","Barrow","AK","99723","USA","P218","0","0","failed","van","snow","blocked"
"R209","V209","D209","2024-07-09","2024-07-09T07:55:00","2024-07-09T09:20:00","2","13.4","85","S219","1","2024-07-09T08:15:00","2024-07-09T08:14:00","-1","-34.6037","-58.3816","8 Av Corrientes","Buenos Aires","CABA","C1043","Argentina","P219","2.9","0.09","delivered","car","rain","moderate"
"R209","V209","D209","2024-07-09","2024-07-09T07:55:00","2024-07-09T09:20:00","2","13.4","85","S220","2","2024-07-09T09:00:00","","","-34.6083","-58.37","11 Av de Mayo","Buenos Aires","CABA","C1084","Argentina","P220","1.3","0.05","pending","car","fog","moderate"
"R210","V210","D210","2024-07-10","2024-07-10T16:30:00","2024-07-10T17:55:00","2","1137.7","85","S221","1","2024-07-10T16:55:00","2024-07-10T17:45:00","50","34.0522","-118.2437","1200 S Hope St","Los Angeles","CA","90015","USA","P221","45.9","0.92","failed","truck","storm","blocked"
"R210","V210","D210","2024-07-10","2024-07-10T16:30:00","2024-07-10T17:55:00","2","1137.7","85","S222","2","2024-07-10T17:50:00","2024-07-10T17:54:00","4","34.0407","-118.2468","350 W Olympic Blvd","Los Angeles","CA","90015","USA","P222","34.2","0.79","delivered","truck","rain","heavy"
"R211","V211","D211","2024-07-11","2024-07-11T12:00:00","2024-07-11T14:45:00","4","46.3","165","S223","1","2024-07-11T12:15:00","2024-07-11T12:23:00","8","55.7558","37.6173","23 Tverskaya St","Moscow","MOW","101000","Russia","P223","3.4","0.13","delivered","car","cloudy","heavy"
"R211","V211","D211","2024-07-11","2024-07-11T12:00:00","2024-07-11T14:45:00","4","46.3","165","S224","2","2024-07-11T13:10:00","2024-07-11T13:14:00","4","55.7512","37.6184","9 Arbat St","Moscow","MOW","119019","Russia","P224","6.8","0.22","delivered","car","cloudy","moderate"
"R211","V211","D211","2024-07-11","2024-07-11T12:00:00","2024-07-11T14:45:00","4","46.3","165","S225","3","2024-07-11T13:55:00","2024-07-11T14:02:00","7","55.7652","37.6398","20 Komsomolsky Ave","Moscow","MOW","119146","Russia","P225","2.7","0.1","delivered","car","cloudy","moderate"
"R211","V211","D211","2024-07-11","2024-07-11T12:00:00","2024-07-11T14:45:00","4","46.3","165","S226","4","2024-07-11T14:40:00","","","55.7522","37.6156","11 Novy Arbat","Moscow","MOW","121099","Russia","P226","3.9","0.14","pending","car","fog","moderate"
"R212","V212","D212","2024-07-12","2024-07-12T10:10:00","2024-07-12T12:30:00","2","14.8","110","S227","1","2024-07-12T10:25:00","2024-07-12T10:29:00","4","-33.8688","151.2093","30 Pitt St","Sydney","NSW","2000","Australia","P227","4.7","0.14","delivered","van","clear","moderate"
"R212","V212","D212","2024-07-12","2024-07-12T10:10:00","2024-07-12T12:30:00","2","14.8","110","S228","2","2024-07-12T11:50:00","","","-33.8737","151.2069","21 George St","Sydney","NSW","2000","Australia","P228","3.1","0.1","pending","van","cloudy","moderate"
"R213","V213","D213","2024-07-13","2024-07-13T17:40:00","2024-07-13T19:20:00","3","21.6","100","S229","1","2024-07-13T18:05:00","2024-07-13T18:08:00","3","48.8566","2.3522","19 Rue St-Honoré","Paris","IDF","75001","France","P229","5.7","0.19","delivered","van","cloudy","heavy"
"R213","V213","D213","2024-07-13","2024-07-13T17:40:00","2024-07-13T19:20:00","3","21.6","100","S230","2","2024-07-13T18:50:00","2024-07-13T18:57:00","7","48.8622","2.3487","5 Rue du Louvre","Paris","IDF","75001","France","P230","6.9","0.21","delivered","van","cloudy","heavy"
"R213","V213","D213","2024-07-13","2024-07-13T17:40:00","2024-07-13T19:20:00","3","21.6","100","S231","3","2024-07-13T19:10:00","","","48.8602","2.3412","42 Quai des Orfèvres","Paris","IDF","75001","France","P231","5.2","0.17","pending","van","cloudy","moderate"
"R214","V214","D214","2024-07-14","2024-07-14T09:20:00","2024-07-14T10:45:00","1","0.5","85","S232","1","2024-07-14T09:40:00","2024-07-14T09:55:00","15","-54.8019","-68.303","9 Roca","Ushuaia","TDF","9410","Argentina","P232","31.5","0.63","returned","truck","snow","blocked"
"R215","V215","D215","2024-07-15","2024-07-15T13:25:00","2024-07-15T15:10:00","4","62.2","105","S233","1","2024-07-15T13:40:00","2024-07-15T13:49:00","9","55.7558","37.6173","44 Tverskaya St","Moscow","MOW","101000","Russia","P233","13.7","0.52","delivered","car","fog","heavy"
"R215","V215","D215","2024-07-15","2024-07-15T13:25:00","2024-07-15T15:10:00","4","62.2","105","S234","2","2024-07-15T14:05:00","2024-07-15T14:10:00","5","55.7512","37.6184","17 Arbat St","Moscow","MOW","119019","Russia","P234","8.2","0.31","delivered","car","cloudy","moderate"
"R215","V215","D215","2024-07-15","2024-07-15T13:25:00","2024-07-15T15:10:00","4","62.2","105","S235","3","2024-07-15T14:35:00","2024-07-15T14:43:00","8","55.7652","37.6398","65 Komsomolsky Ave","Moscow","MOW","119146","Russia","P235","6.9","0.23","delivered","car","storm","heavy"
"R215","V215","D215","2024-07-15","2024-07-15T13:25:00","2024-07-15T15:10:00","4","62.2","105","S236","4","2024-07-15T15:05:00","","","55.7522","37.6156","21 Novy Arbat","Moscow","MOW","121099","Russia","P236","7.7","0.26","pending","car","fog","moderate"
"R1001","V1001","D1001","2024-06-11","2024-06-11T07:45:00","2024-06-11T09:15:00","3","19.6","90","S1001","1","2024-06-11T08:05:00","2024-06-11T08:09:00","4","40.7561","-73.9902","310 10th Ave","New York","NY","10018","USA","P1001","2.7","0.08","delivered","van","cloudy","moderate"
"R1001","V1001","D1001","2024-06-11","2024-06-11T07:45:00","2024-06-11T09:15:00","3","19.6","90","S1002","2","2024-06-11T08:35:00","2024-06-11T08:38:00","3","40.7488","-73.9845","4 W 33rd St","New York","NY","10001","USA","P1002","1.3","0.06","delivered","van","cloudy","moderate"
"R1001","V1001","D1001","2024-06-11","2024-06-11T07:45:00","2024-06-11T09:15:00","3","19.6","90","S1003","3","2024-06-11T09:10:00","","","40.7423","-73.9896","341 7th Ave","New York","NY","10001","USA","P1003","2.3","0.07","pending","van","cloudy","heavy"
"R1002","V1002","D1002","2024-06-11","2024-06-11T09:00:00","2024-06-11T12:05:00","2","120.7","185","S1004","1","2024-06-11T10:12:00","2024-06-11T10:49:00","37","34.0545","-118.2453","515 S Main St","Los Angeles","CA","90013","USA","P1004","22.9","0.32","returned","truck","rain","blocked"
"R1002","V1002","D1002","2024-06-11","2024-06-11T09:00:00","2024-06-11T12:05:00","2","120.7","185","S1005","2","2024-06-11T11:58:00","2024-06-11T12:04:00","6","34.0494","-118.2568","135 W 7th St","Los Angeles","CA","90014","USA","P1005","45.7","0.93","delivered","truck","rain","heavy"
"R1003","V1003","D1003","2024-06-12","2024-06-12T13:00:00","2024-06-12T14:55:00","2","15.3","115","S1006","1","2024-06-12T13:45:00","2024-06-12T13:48:00","3","48.8687","2.3128","45 Rue de Sevres","Paris","IDF","75007","France","P1006","4.2","0.11","delivered","van","clear","light"
"R1003","V1003","D1003","2024-06-12","2024-06-12T13:00:00","2024-06-12T14:55:00","2","15.3","115","S1007","2","2024-06-12T14:45:00","","","48.8707","2.3189","11 Avenue d'Iéna","Paris","IDF","75116","France","P1007","3.6","0.09","pending","van","clear","moderate"
"R1004","V1004","D1004","2024-06-13","2024-06-13T07:30:00","2024-06-13T09:20:00","4","24.7","110","S1008","1","2024-06-13T07:55:00","2024-06-13T07:54:00","-1","55.7549","37.6248","12 Ulitsa Tverskaya","Moscow","MOW","101000","Russia","P1008","5.8","0.14","delivered","van","rain","heavy"
"R1004","V1004","D1004","2024-06-13","2024-06-13T07:30:00","2024-06-13T09:20:00","4","24.7","110","S1009","2","2024-06-13T08:15:00","2024-06-13T08:19:00","4","55.7557","37.6177","7 Arbat St","Moscow","MOW","119019","Russia","P1009","7.2","0.17","delivered","van","rain","moderate"
"R1004","V1004","D1004","2024-06-13","2024-06-13T07:30:00","2024-06-13T09:20:00","4","24.7","110","S1010","3","2024-06-13T08:55:00","2024-06-13T09:04:00","9","55.7592","37.6106","31 Leningradsky Ave","Moscow","MOW","125040","Russia","P1010","9.1","0.22","delivered","van","rain","moderate"
"R1004","V1004","D1004","2024-06-13","2024-06-13T07:30:00","2024-06-13T09:20:00","4","24.7","110","S1011","4","2024-06-13T09:15:00","","","55.7619","37.6033","9 Prechistenka St","Moscow","MOW","119034","Russia","P1011","8.4","0.2","pending","van","rain","heavy"
"R1005","V1005","D1005","2024-06-14","2024-06-14T16:00:00","","1","0.5","18","S1012","1","2024-06-14T16:15:00","","","-54.8019","-68.3028","15 Av Maipu","Ushuaia","TDF","9410","Argentina","P1012","0","","pending","truck","snow","blocked"
"R1006","V1006","D1006","2024-06-15","2024-06-15T08:35:00","2024-06-15T10:10:00","3","16.9","95","S1013","1","2024-06-15T08:48:00","2024-06-15T08:47:00","-1","51.5136","-0.1176","23 Fleet St","London","ENG","EC4Y1AA","UK","P1013","3.1","0.07","delivered","car","cloudy","moderate"
"R1006","V1006","D1006","2024-06-15","2024-06-15T08:35:00","2024-06-15T10:10:00","3","16.9","95","S1014","2","2024-06-15T09:23:00","2024-06-15T09:25:00","2","51.5152","-0.141","81 Oxford St","London","ENG","W1D2EU","UK","P1014","2.9","0.06","delivered","car","cloudy","moderate"
"R1006","V1006","D1006","2024-06-15","2024-06-15T08:35:00","2024-06-15T10:10:00","3","16.9","95","S1015","3","2024-06-15T10:05:00","","","51.5169","-0.1281","21 Soho Square","London","ENG","W1D4NR","UK","P1015","4.6","0.09","pending","car","cloudy","heavy"
"R1007","V1007","D1007","2024-06-16","2024-06-16T14:20:00","2024-06-16T16:05:00","2","8.2","105","S1016","1","2024-06-16T14:45:00","2024-06-16T14:46:00","1","1.2839","103.8606","11 Marina Blvd","Singapore","SG","018940","Singapore","P1016","5.1","0.13","delivered","van","rain","moderate"
"R1007","V1007","D1007","2024-06-16","2024-06-16T14:20:00","2024-06-16T16:05:00","2","8.2","105","S1017","2","2024-06-16T16:00:00","","","1.2905","103.8542","17 Raffles Blvd","Singapore","SG","039803","Singapore","P1017","6.2","0.16","pending","van","rain","heavy"
"R1008","V1008","D1008","2024-06-17","2024-06-17T11:30:00","2024-06-17T13:15:00","2","3.9","105","S1018","1","2024-06-17T11:55:00","2024-06-17T11:56:00","1","-34.6037","-58.3816","1129 Florida","Buenos Aires","CABA","1005","Argentina","P1018","2.8","0.07","delivered","bike","clear","light"
"R1008","V1008","D1008","2024-06-17","2024-06-17T11:30:00","2024-06-17T13:15:00","2","3.9","105","S1019","2","2024-06-17T12:50:00","","","-34.6025","-58.3857","570 Lavalle","Buenos Aires","CABA","1047","Argentina","P1019","1.2","0.04","pending","bike","clear","light"
"R1009","V1009","D1009","2024-06-18","2024-06-18T09:55:00","2024-06-18T12:18:00","2","151.2","143","S1020","1","2024-06-18T10:55:00","2024-06-18T11:40:00","45","35.6895","139.6917","1 Chome-1-2 Oshiage","Tokyo","TKY","1310045","Japan","P1020","51","1.13","returned","truck","storm","blocked"
"R1009","V1009","D1009","2024-06-18","2024-06-18T09:55:00","2024-06-18T12:18:00","2","151.2","143","S1021","2","2024-06-18T12:13:00","2024-06-18T12:18:00","5","35.7016","139.7041","2 Chome-6-1 Dogenzaka","Tokyo","TKY","1500043","Japan","P1021","63.4","1.41","delivered","truck","storm","heavy"
"R1010","V1010","D1010","2024-06-19","2024-06-19T10:00:00","2024-06-19T13:10:00","2","6.3","190","S1022","1","2024-06-19T10:35:00","2024-06-19T10:36:00","1","-33.8688","151.2093","124 Macquarie St","Sydney","NSW","2000","Australia","P1022","4.5","0.12","delivered","van","cloudy","moderate"
"R1010","V1010","D1010","2024-06-19","2024-06-19T10:00:00","2024-06-19T13:10:00","2","6.3","190","S1023","2","2024-06-19T13:03:00","","","-33.8737","151.206","5 Pitt St","Sydney","NSW","2000","Australia","P1023","3.8","0.09","pending","van","cloudy","moderate"
"R1011","V1011","D1011","2024-06-20","2024-06-20T07:10:00","2024-06-20T09:55:00","2","14.2","165","S1024","1","2024-06-20T07:55:00","2024-06-20T07:58:00","3","48.861","2.3358","188 Rue de Rivoli","Paris","IDF","75001","France","P1024","2.5","0.06","delivered","van","rain","moderate"
"R1011","V1011","D1011","2024-06-20","2024-06-20T07:10:00","2024-06-20T09:55:00","2","14.2","165","S1025","2","2024-06-20T09:50:00","","","48.8642","2.3499","2 Place de l'Opera","Paris","IDF","75009","France","P1025","3.7","0.08","pending","van","rain","heavy"
"R1012","V1012","D1012","2024-06-21","2024-06-21T15:30:00","2024-06-21T18:42:00","2","112.6","192","S1026","1","2024-06-21T16:20:00","2024-06-21T16:49:00","29","19.4326","-99.1332","122 Av Juarez","Mexico City","CMX","06000","Mexico","P1026","36.8","0.76","failed","truck","fog","blocked"
"R1012","V1012","D1012","2024-06-21","2024-06-21T15:30:00","2024-06-21T18:42:00","2","112.6","192","S1027","2","2024-06-21T18:39:00","2024-06-21T18:42:00","3","19.427","-99.1402","256 Calle 16","Mexico City","CMX","06140","Mexico","P1027","28.3","0.54","delivered","truck","fog","heavy"
"R1013","V1013","D1013","2024-06-22","2024-06-22T07:05:00","2024-06-22T09:50:00","2","6.8","165","S1028","1","2024-06-22T07:45:00","2024-06-22T07:45:00","0","1.2977","103.8491","38 Robinson Rd","Singapore","SG","068906","Singapore","P1028","2.3","0.06","delivered","van","clear","light"
"R1013","V1013","D1013","2024-06-22","2024-06-22T07:05:00","2024-06-22T09:50:00","2","6.8","165","S1029","2","2024-06-22T09:45:00","","","1.2955","103.8411","21 Shenton Way","Singapore","SG","068804","Singapore","P1029","4","0.1","pending","van","clear","light"
"R1014","V1014","D1014","2024-06-23","2024-06-23T12:40:00","2024-06-23T14:25:00","2","18.2","105","S1030","1","2024-06-23T13:05:00","2024-06-23T13:09:00","4","48.8689","2.3117","68 Rue de Lille","Paris","IDF","75007","France","P1030","1.9","0.05","delivered","van","cloudy","moderate"
"R1014","V1014","D1014","2024-06-23","2024-06-23T12:40:00","2024-06-23T14:25:00","2","18.2","105","S1031","2","2024-06-23T14:20:00","","","48.8703","2.3168","22 Rue de la Pepiniere","Paris","IDF","75008","France","P1031","2.6","0.07","pending","van","cloudy","moderate"
"R1015","V1015","D1015","2024-06-24","2024-06-24T08:15:00","2024-06-24T10:06:00","2","1320.2","111","S1032","1","2024-06-24T09:17:00","2024-06-24T09:53:00","36","-34.6033","-58.3829","980 Av Corrientes","Buenos Aires","CABA","1043","Argentina","P1032","87.1","2.34","failed","truck","snow","blocked"
"R1015","V1015","D1015","2024-06-24","2024-06-24T08:15:00","2024-06-24T10:06:00","2","1320.2","111","S1033","2","2024-06-24T10:01:00","","","-34.6021","-58.3864","1343 Av Santa Fe","Buenos Aires","CABA","1059","Argentina","P1033","92.6","2.48","pending","truck","snow","blocked"
"R1016","V1016","D1016","2024-06-25","2024-06-25T10:25:00","2024-06-25T13:55:00","2","2.2","210","S1034","1","2024-06-25T10:55:00","2024-06-25T10:54:00","-1","40.7163","-74.0033","67 Franklin St","New York","NY","10013","USA","P1034","2.2","0.06","delivered","van","clear","light"
"R1016","V1016","D1016","2024-06-25","2024-06-25T10:25:00","2024-06-25T13:55:00","2","2.2","210","S1035","2","2024-06-25T13:50:00","","","40.7188","-74.0007","76 Leonard St","New York","NY","10013","USA","P1035","1.8","0.05","pending","van","clear","light"
"R521","V184","D412","2024-07-02","2024-07-02T09:15:00","2024-07-02T11:45:00","3","24.7","150","S405","1","2024-07-02T09:30:00","2024-07-02T09:38:00","8","48.8587","2.347","3 Rue du Temple","Paris","Île-de-France","75004","France","P203","2.3","0.04","delivered","van","cloudy","moderate"
"R684","V326","D475","2024-07-03","2024-07-03T14:00:00","2024-07-03T16:20:00","2","11.3","140","S512","2","2024-07-03T15:25:00","","","40.7482","-73.9857","350 5th Ave","New York","NY","10118","USA","P334","7.8","0.13","pending","van","clear","light"
"R449","V129","D565","2024-07-04","2024-07-04T07:00:00","2024-07-04T13:45:00","1","860.1","405","S617","1","2024-07-04T13:00:00","2024-07-04T13:58:00","58","34.6037","-58.3816","Av. Corrientes 850","Buenos Aires","CABA","C1043AAR","Argentina","P402","68.7","0.74","failed","truck","storm","blocked"
"R398","V208","D378","2024-07-01","2024-07-01T10:30:00","2024-07-01T12:10:00","4","18.2","100","S256","3","2024-07-01T11:15:00","2024-07-01T11:19:00","4","55.7558","37.6173","7 Tverskaya St","Moscow","Moscow","101000","Russia","P187","1.1","0.02","delivered","car","fog","heavy"
"R773","V253","D621","2024-07-05","2024-07-05T12:40:00","2024-07-05T13:15:00","1","0.6","35","S389","1","2024-07-05T13:00:00","2024-07-05T13:12:00","12","-54.8019","-68.303","140 Yaganes","Ushuaia","Tierra del Fuego","9410","Argentina","P541","0","0","returned","van","snow","blocked"