"delivery_id","carrier_name","region_name","delivery_date","delivery_start_time","delivery_end_time","delivery_duration_minutes","delivery_status","delivery_address_street","delivery_address_city","delivery_address_state","delivery_address_postal_code","delivery_address_country","package_weight_kg","package_volume_m3","recipient_signature_collected","delivery_delay_reason"
"NYC_EXP_001","SwiftExpress","New York City","2024-04-10","2024-04-10T08:10:00","2024-04-10T08:45:00","35","completed","245 Madison Ave","New York","NY","10016","USA","2.4","0.018","true",""
"LDN_JET_002","ParcelJet","London Central","2024-04-11","2024-04-11T09:30:00","2024-04-11T10:00:00","30","completed","15 Piccadilly","London","England","W1J 0DG","UK","3.1","0.025","true",""
"SF_GO_003","GoLogistics","San Francisco Bay","2024-04-12","2024-04-12T11:25:00","2024-04-12T11:52:00","27","completed","500 Market St","San Francisco","CA","94105","USA","2.9","0.021","true",""
"BER_CARGO_004","BlueCargo","Berlin Mitte","2024-04-13","2024-04-13T10:50:00","2024-04-13T11:30:00","40","completed","12 Friedrichstrasse","Berlin","BE","10117","DE","1.8","0.015","true",""
"TYO_EXP_005","SwiftExpress","Tokyo Shibuya","2024-04-13","2024-04-13T14:05:00","2024-04-13T15:00:00","55","completed","3-15 Dogenzaka","Tokyo","13","150-0043","JP","4.2","0.032","true",""
"SYD_JET_006","ParcelJet","Sydney CBD","2024-04-14","2024-04-14T09:45:00","2024-04-14T10:13:00","28","completed","101 George St","Sydney","NSW","2000","AU","3.7","0.023","true",""
"MUM_GO_007","GoLogistics","Mumbai South","2024-04-14","2024-04-14T08:30:00","2024-04-14T09:05:00","35","completed","92 Marine Drive","Mumbai","MH","400002","IN","2.5","0.016","true",""
"PAR_CARGO_008","BlueCargo","Paris 8e","2024-04-15","2024-04-15T10:10:00","2024-04-15T10:56:00","46","completed","41 Rue La Boétie","Paris","IDF","75008","FR","1.6","0.014","true",""
"JHB_EXP_009","SwiftExpress","Johannesburg Sandton","2024-04-15","2024-04-15T11:20:00","2024-04-15T12:05:00","45","completed","24 Maude St","Johannesburg","GP","2196","ZA","2.7","0.019","true",""
"TOR_JET_010","ParcelJet","Toronto Downtown","2024-04-16","2024-04-16T13:45:00","2024-04-16T14:25:00","40","completed","350 King St W","Toronto","ON","M5V 3X1","CA","4.1","0.029","true",""
"MEX_GO_011","GoLogistics","Mexico City Centro","2024-04-16","2024-04-16T08:05:00","2024-04-16T08:38:00","33","completed","12 Av. Juárez","Mexico City","CDMX","06010","MX","2.2","0.017","true",""
"SG_CARGO_012","BlueCargo","Singapore Orchard","2024-04-17","2024-04-17T10:40:00","2024-04-17T11:15:00","35","completed","391 Orchard Rd","Singapore","SG","238872","SG","3.3","0.022","true",""
"DXB_EXP_013","SwiftExpress","Dubai Downtown","2024-04-17","2024-04-17T15:00:00","2024-04-17T15:45:00","45","completed","1 Sheikh Mohammed Blvd","Dubai","DU","00000","AE","1.9","0.013","true",""
"MAD_JET_014","ParcelJet","Madrid Centro","2024-04-18","2024-04-18T12:20:00","2024-04-18T12:55:00","35","completed","16 Calle Mayor","Madrid","MD","28013","ES","2.1","0.015","true",""
"MOS_GO_015","GoLogistics","Moscow Tverskaya","2024-04-18","2024-04-18T10:00:00","2024-04-18T10:32:00","32","completed","22 Tverskaya St","Moscow","MOW","125009","RU","1.4","0.012","true",""
"SP_CARGO_016","BlueCargo","São Paulo Centro","2024-04-19","2024-04-19T09:15:00","2024-04-19T09:45:00","30","completed","101 Av. Paulista","São Paulo","SP","01311-200","BR","2.8","0.02","true",""
"DUB_EXP_017","SwiftExpress","Dublin South","2024-04-20","2024-04-20T08:55:00","2024-04-20T09:35:00","40","completed","88 St Stephen's Green","Dublin","Leinster","D02 XY43","IE","3.5","0.019","true",""
"AK_JET_018","ParcelJet","Rural Alaska","2024-04-20","2024-04-20T07:00:00","2024-04-20T08:20:00","80","delayed","14 Creekside Rd","Fairbanks","AK","99701","USA","2.3","0.017","false","Extreme weather conditions"
"HAM_GO_019","GoLogistics","Hamburg Hafen","2024-04-21","2024-04-21T11:40:00","2024-04-21T12:40:00","60","delayed","20 Hafenstrasse","Hamburg","HH","20457","DE","3.6","0.023","false","Traffic congestion"
"OSL_CARGO_020","BlueCargo","Oslo Sentrum","2024-04-22","2024-04-22T09:10:00","2024-04-22T10:45:00","95","delayed","5 Karl Johans gate","Oslo","03","0154","NO","4.9","0.035","false","Vehicle breakdown"
"KIG_EXP_021","SwiftExpress","Kigali CBD","2024-04-23","2024-04-23T10:00:00","2024-04-23T10:50:00","50","delayed","12 KN 4 Ave","Kigali","KV","RW-011","RW","2.7","0.021","false","Recipient unavailable"
"ROM_JET_022","ParcelJet","Rome Centro","2024-04-24","2024-04-24T13:10:00","2024-04-24T14:05:00","55","delayed","23 Via del Corso","Rome","RM","00186","IT","3.8","0.025","false","Traffic congestion"
"DEL_GO_023","GoLogistics","Delhi Connaught","2024-04-25","2024-04-25T09:10:00","2024-04-25T09:55:00","45","delayed","B-24 Connaught Place","Delhi","DL","110001","IN","2.2","0.015","false","Recipient unavailable"
"MEL_CARGO_024","BlueCargo","Melbourne CBD","2024-04-25","2024-04-25T08:40:00","2024-04-25T09:28:00","48","delayed","101 Collins St","Melbourne","VIC","3000","AU","3.4","0.018","false","Extreme weather conditions"
"CHI_EXP_025","SwiftExpress","Chicago Loop","2024-04-26","2024-04-26T11:35:00","2024-04-26T11:55:00","20","completed","233 S Wacker Dr","Chicago","IL","60606","USA","0.8","0.008","false",""
"MAN_JET_026","ParcelJet","Manchester Piccadilly","2024-04-27","2024-04-27T10:10:00","2024-04-27T10:28:00","18","completed","45 Whitworth St","Manchester","England","M1 3NR","UK","0.5","0.006","false",""
"VAN_GO_027","GoLogistics","Vancouver Downtown","2024-04-28","2024-04-28T09:50:00","2024-04-28T10:05:00","15","completed","800 Granville St","Vancouver","BC","V6Z 1K3","CA","0.7","0.005","false",""
"SHA_CARGO_028","BlueCargo","Shanghai Pudong","2024-04-29","2024-04-29T13:30:00","2024-04-29T14:00:00","30","completed","8 Century Ave","Shanghai","SH","200120","CN","2.6","0.017","false",""
"BRU_EXP_029","SwiftExpress","Brussels Centre","2024-04-30","2024-04-30T10:10:00","2024-04-30T10:34:00","24","completed","52 Rue Royale","Brussels","BRU","1000","BE","0.9","0.009","false",""
"AMS_JET_030","ParcelJet","Amsterdam Centrum","2024-05-01","2024-05-01T09:25:00","2024-05-01T09:47:00","22","completed","10 Damrak","Amsterdam","NH","1012 LG","NL","0.6","0.006","false",""
"BOM_GO_031","GoLogistics","Bombay Fort","2024-05-02","2024-05-02T08:30:00","2024-05-02T08:54:00","24","completed","110 DN Road","Mumbai","MH","400001","IN","1.2","0.007","false",""
"SYR_CARGO_032","BlueCargo","Syracuse Eastwood","2024-05-03","2024-05-03T11:45:00","2024-05-03T12:00:00","15","completed","401 James St","Syracuse","NY","13203","USA","0.3","0.003","false",""
"RIO_EXP_033","SwiftExpress","Rio de Janeiro Centro","2024-05-04","2024-05-04T10:20:00","2024-05-04T10:50:00","30","completed","18 Av. Rio Branco","Rio de Janeiro","RJ","20090-001","BR","1.4","0.011","false",""
"KOL_JET_034","ParcelJet","Kolkata Park St","2024-05-05","2024-05-05T09:10:00","2024-05-05T09:35:00","25","completed","7 Park Street","Kolkata","WB","700016","IN","1.1","0.008","false",""
"LAG_GO_035","GoLogistics","Lagos Victoria Isl","2024-05-06","2024-05-06T14:20:00","2024-05-06T14:55:00","35","completed","77 Ahmadu Bello Way","Lagos","LA","101241","NG","2.3","0.017","true",""
"IST_CARGO_036","BlueCargo","Istanbul Beyoglu","2024-05-07","2024-05-07T10:20:00","2024-05-07T10:50:00","30","completed","14 Istiklal Cd","Istanbul","34","34437","TR","2","0.016","true",""
"HOU_EXP_037","SwiftExpress","Houston Midtown","2024-05-08","2024-05-08T08:10:00","2024-05-08T08:40:00","30","completed","3900 Main St","Houston","TX","77002","USA","1.5","0.011","true",""
"EDIN_JET_038","ParcelJet","Edinburgh Old Town","2024-05-09","2024-05-09T09:35:00","2024-05-09T10:03:00","28","completed","21 High St","Edinburgh","Scotland","EH1 1SR","UK","1.3","0.01","true",""
"LIM_GO_039","GoLogistics","Lima Miraflores","2024-05-10","2024-05-10T12:15:00","2024-05-10T13:00:00","45","completed","540 Av. Larco","Lima","LMA","15074","PE","2.9","0.018","true",""
"CAI_CARGO_040","BlueCargo","Cairo Zamalek","2024-05-11","2024-05-11T08:15:00","2024-05-11T08:45:00","30","completed","15 Sharia Ismail","Cairo","C","11211","EG","2.2","0.015","true",""
"HEL_EXP_041","SwiftExpress","Helsinki Kamppi","2024-05-12","2024-05-12T09:05:00","2024-05-12T09:35:00","30","completed","1 Salomonkatu","Helsinki","Uusimaa","00100","FI","1.7","0.012","true",""
"BKK_JET_042","ParcelJet","Bangkok Silom","2024-05-13","2024-05-13T08:30:00","2024-05-13T08:52:00","22","completed","192 Silom Rd","Bangkok","BKK","10500","TH","0.9","0.007","true",""
"ATH_GO_043","GoLogistics","Athens Plaka","2024-05-14","2024-05-14T09:50:00","2024-05-14T10:19:00","29","completed","33 Adrianou St","Athens","AT","10558","GR","1.8","0.014","true",""
"JKT_CARGO_044","BlueCargo","Jakarta Kuningan","2024-05-15","2024-05-15T12:10:00","2024-05-15T12:45:00","35","completed","1 Jl. Rasuna Said","Jakarta","JK","12950","ID","2.5","0.017","true",""
"JHB_FAIL_045","SwiftExpress","Johannesburg North","2024-05-16","2024-05-16T09:00:00","2024-05-16T09:00:00","0","failed","99 Malibongwe Dr","Johannesburg","GP","2112","ZA","0","0","false","Recipient unavailable"
"MAD_CAN_046","ParcelJet","Madrid Salamanca","2024-05-17","2024-05-17T11:10:00","2024-05-17T11:10:00","0","cancelled","28 Calle Serrano","Madrid","MD","28006","ES","0","0","false","Extreme weather conditions"
"AK_FAIL_047","GoLogistics","Anchorage East","2024-05-18","2024-05-18T10:20:00","2024-05-18T10:20:00","0","failed","210 Lake Otis Pkwy","Anchorage","AK","99508","USA","0","0","false","Vehicle breakdown"
"DEL_CAN_048","BlueCargo","Delhi South","2024-05-19","2024-05-19T14:00:00","2024-05-19T14:00:00","0","cancelled","17 GK Road","Delhi","DL","110048","IN","0","0","false","Recipient unavailable"
"NYC_FAIL_049","SwiftExpress","NYC Harlem","2024-05-20","2024-05-20T08:30:00","2024-05-20T08:30:00","0","failed","200 W 125th St","New York","NY","10027","USA","0","0","false","Extreme weather conditions"
"VAN_CAN_050","ParcelJet","Vancouver Kitsilano","2024-05-21","2024-05-21T09:15:00","2024-05-21T09:15:00","0","cancelled","2205 W 4th Ave","Vancouver","BC","V6K 1N8","CA","0","0","false","Traffic congestion"
"Swift_Ex_0012","SwiftExpress","Berlin","2024-05-09","2024-05-09T09:25:00","2024-05-09T10:01:00","36","completed","Friedrichstrasse 20","Berlin","Berlin","10117","DE","2.8","0.017","true",""
"GoLog_2024_A99","GoLogistics","Sydney","2024-05-10","2024-05-10T14:15:00","2024-05-10T15:12:00","57","completed","George St 120","Sydney","NSW","2000","AU","3.6","0.023","true",""
"Jet_PJ_0457","ParcelJet","Singapore","2024-05-11","2024-05-11T11:08:00","2024-05-11T11:25:00","17","completed","Orchard Road 321","Singapore","SG","238867","SG","0.67","0.004","false",""
"BCargo_2024_16","BlueCargo","Cape Town","2024-05-09","2024-05-09T13:20:00","2024-05-09T14:07:00","47","completed","Long St 44","Cape Town","WC","8001","ZA","2.1","0.011","true",""
"Swift_Ex_0021","SwiftExpress","San Francisco Bay","2024-05-13","2024-05-13T10:03:00","2024-05-13T10:20:00","17","completed","Market St 224","San Francisco","CA","94105","USA","1.3","0.007","false",""
"GoLog_2024_A55","GoLogistics","Mumbai","2024-05-14","2024-05-14T15:07:00","2024-05-14T16:05:00","58","completed","Linking Rd 99","Mumbai","MH","400052","IN","4.5","0.03","true",""
"Jet_PJ_0681","ParcelJet","Madrid","2024-05-12","2024-05-12T09:15:00","2024-05-12T09:31:00","16","completed","Gran Via 88","Madrid","Madrid","28013","ES","0.95","0.005","false",""
"BCargo_2024_42","BlueCargo","Dublin","2024-05-15","2024-05-15T12:30:00","2024-05-15T13:19:00","49","completed","O'Connell St 18","Dublin","Leinster","D01 XY45","IE","2.3","0.012","true",""
"Swift_Ex_0038","SwiftExpress","Rural Alaska","2024-05-16","2024-05-16T08:12:00","2024-05-16T10:32:00","140","delayed","Main St 6","Bethel","AK","99559","USA","2.7","0.021","false","Extreme weather conditions"
"GoLog_2024_A88","GoLogistics","Vancouver","2024-05-17","2024-05-17T13:41:00","2024-05-17T14:53:00","72","completed","Robson St 99","Vancouver","BC","V6E 1B5","CA","3.1","0.018","true",""
"Jet_PJ_0802","ParcelJet","Dubai","2024-05-18","2024-05-18T10:09:00","2024-05-18T10:41:00","32","completed","Sheikh Zayed Rd 900","Dubai","Dubai","00000","AE","1.9","0.009","false",""
"BCargo_2024_58","BlueCargo","Tokyo","2024-05-19","2024-05-19T09:00:00","2024-05-19T09:44:00","44","completed","Chuo Dori 2-3-6","Tokyo","Tokyo","104-0061","JP","3.4","0.016","true",""
"Swift_Ex_0043","SwiftExpress","New York","2024-05-20","2024-05-20T10:15:00","2024-05-20T10:31:00","16","completed","5th Ave 350","New York","NY","10001","USA","0.75","0.003","false",""
"GoLog_2024_A77","GoLogistics","Paris","2024-05-21","2024-05-21T13:55:00","2024-05-21T14:49:00","54","completed","Rue de Rivoli 89","Paris","Île-de-France","75001","FR","2.6","0.014","true",""
"Jet_PJ_0935","ParcelJet","Mexico City","2024-05-22","2024-05-22T12:08:00","2024-05-22T12:28:00","20","completed","Avenida Juárez 7","Mexico City","CDMX","06030","MX","0.97","0.006","false",""
"BCargo_2024_67","BlueCargo","Moscow","2024-05-23","2024-05-23T09:37:00","2024-05-23T10:21:00","44","completed","Tverskaya St 16","Moscow","Moscow","101000","RU","2.2","0.015","true",""
"Swift_Ex_0054","SwiftExpress","Bangkok","2024-05-24","2024-05-24T14:18:00","2024-05-24T15:02:00","44","completed","Sukhumvit Rd 55","Bangkok","Bangkok","10110","TH","2.4","0.013","true",""
"GoLog_2024_A33","GoLogistics","Rio de Janeiro","2024-05-25","2024-05-25T13:10:00","2024-05-25T13:46:00","36","completed","Rua Copacabana 18","Rio de Janeiro","RJ","22010-000","BR","2.8","0.019","true",""
"Jet_PJ_0107","ParcelJet","London","2024-05-26","2024-05-26T10:22:00","2024-05-26T10:53:00","31","completed","Baker St 221B","London","England","NW1 6XE","UK","1.8","0.008","false",""
"BCargo_2024_71","BlueCargo","Johannesburg","2024-05-27","2024-05-27T09:13:00","2024-05-27T09:37:00","24","completed","Main St 100","Johannesburg","GP","2001","ZA","1.2","0.007","true",""
"Swift_Ex_0067","SwiftExpress","Toronto","2024-05-28","2024-05-28T14:00:00","2024-05-28T14:49:00","49","completed","Yonge St 350","Toronto","ON","M5B 2H1","CA","4.3","0.029","true",""
"GoLog_2024_A15","GoLogistics","Madrid Rural","2024-05-29","2024-05-29T08:30:00","2024-05-29T11:00:00","150","delayed","Camino Real 45","Guadalajara","Guadalajara","19001","ES","2.2","0.012","false","Traffic congestion"
"Jet_PJ_0234","ParcelJet","Frankfurt","2024-05-30","2024-05-30T09:21:00","2024-05-30T09:43:00","22","completed","Zeil 112","Frankfurt","Hessen","60313","DE","1.1","0.005","false",""
"BCargo_2024_81","BlueCargo","Shanghai","2024-05-31","2024-05-31T09:45:00","2024-05-31T10:36:00","51","completed","Nanjing Rd 88","Shanghai","Shanghai","200001","CN","3.7","0.022","true",""
"Swift_Ex_0072","SwiftExpress","Glasgow","2024-06-01","2024-06-01T10:30:00","2024-06-01T11:25:00","55","completed","Argyle St 92","Glasgow","Scotland","G2 8BG","UK","3.2","0.018","true",""
"GoLog_2024_A99X","GoLogistics","Chicago","2024-06-02","2024-06-02T09:48:00","2024-06-02T10:12:00","24","completed","State St 91","Chicago","IL","60601","USA","1.8","0.008","false",""
"Jet_PJ_0991","ParcelJet","Rome","2024-06-03","2024-06-03T14:21:00","2024-06-03T15:04:00","43","completed","Via del Corso 45","Rome","Lazio","00186","IT","2.9","0.014","true",""
"BCargo_2024_91","BlueCargo","Johor Bahru","2024-06-04","2024-06-04T12:15:00","2024-06-04T12:45:00","30","completed","Jalan Wong Ah Fook 33","Johor Bahru","Johor","80000","MY","1.6","0.009","true",""
"Swift_Ex_0083","SwiftExpress","Lisbon","2024-06-05","2024-06-05T09:28:00","2024-06-05T10:03:00","35","completed","Rua Augusta 100","Lisbon","Lisboa","1100-053","PT","2.5","0.013","true",""
"GoLog_2024_A22","GoLogistics","Johannesburg Suburbs","2024-06-06","2024-06-06T09:00:00","2024-06-06T09:32:00","32","completed","Parkview Ave 18","Parkview","GP","2193","ZA","1.7","0.008","false",""
"Jet_PJ_0033","ParcelJet","Hong Kong","2024-06-07","2024-06-07T13:31:00","2024-06-07T14:17:00","46","completed","Nathan Rd 200","Hong Kong","Hong Kong","999077","HK","2.3","0.012","true",""
"BCargo_2024_03","BlueCargo","Vienna","2024-06-08","2024-06-08T09:47:00","2024-06-08T10:29:00","42","completed","Kärntner Strasse 15","Vienna","Vienna","1010","AT","1.9","0.009","true",""
"Swift_Ex_0090","SwiftExpress","Auckland","2024-06-09","2024-06-09T10:33:00","2024-06-09T11:18:00","45","completed","Queen St 150","Auckland","Auckland","1010","NZ","2.6","0.012","true",""
"GoLog_2024_A09","GoLogistics","Seoul","2024-06-10","2024-06-10T09:25:00","2024-06-10T10:20:00","55","completed","Gangnam-daero 12","Seoul","Seoul","06236","KR","2.9","0.015","true",""
"Jet_PJ_0211","ParcelJet","Los Angeles","2024-06-11","2024-06-11T14:10:00","2024-06-11T14:34:00","24","completed","Sunset Blvd 400","Los Angeles","CA","90028","USA","1.4","0.007","false",""
"BCargo_2024_24","BlueCargo","Zurich","2024-06-12","2024-06-12T09:17:00","2024-06-12T09:42:00","25","completed","Bahnhofstrasse 60","Zurich","Zurich","8001","CH","1.2","0.006","true",""
"Swift_Ex_0106","SwiftExpress","Oslo","2024-06-13","2024-06-13T13:59:00","2024-06-13T14:22:00","23","completed","Karl Johans gate 34","Oslo","Oslo","0159","NO","1.3","0.007","false",""
"GoLog_2024_A72","GoLogistics","Brussels","2024-06-14","2024-06-14T09:00:00","2024-06-14T09:36:00","36","completed","Rue Neuve 50","Brussels","Brussels","1000","BE","2.1","0.011","true",""
"Jet_PJ_0889","ParcelJet","Barcelona","2024-06-15","2024-06-15T14:05:00","2024-06-15T14:45:00","40","completed","La Rambla 19","Barcelona","Barcelona","08002","ES","2.7","0.013","false",""
"BCargo_2024_99","BlueCargo","Dubai Industrial","2024-06-16","2024-06-16T09:11:00","2024-06-16T09:41:00","30","completed","Jebel Ali Rd 300","Dubai","Dubai","00000","AE","1.6","0.009","true",""
"Swift_Ex_0113","SwiftExpress","Delhi","2024-06-17","2024-06-17T13:31:00","2024-06-17T14:27:00","56","completed","Connaught Place 1","Delhi","DL","110001","IN","3.2","0.018","true",""
"GoLog_2024_A100","GoLogistics","Cape Town Rural","2024-06-18","2024-06-18T09:45:00","2024-06-18T11:55:00","130","delayed","Winery Rd 30","Stellenbosch","WC","7600","ZA","2.4","0.011","false","Vehicle breakdown"
"Jet_PJ_0095","ParcelJet","Kuala Lumpur","2024-06-19","2024-06-19T09:30:00","2024-06-19T09:51:00","21","completed","Jalan Sultan Ismail 7","Kuala Lumpur","Kuala Lumpur","50250","MY","1.2","0.006","false",""
"BCargo_2024_11","BlueCargo","Buenos Aires","2024-06-20","2024-06-20T13:45:00","2024-06-20T14:22:00","37","completed","Avenida Corrientes 400","Buenos Aires","Buenos Aires","C1043AAB","AR","2.5","0.014","true",""
"NYC_3A9T2W_01","SwiftExpress","Manhattan, NYC","2024-03-17","2024-03-17T09:12:00","2024-03-17T09:52:00","40","completed","243 West 34th St","New York","NY","10001","USA","2.7","0.023","true",""
"LDN_PJ_007","ParcelJet","Central London","2024-03-18","2024-03-18T10:30:00","2024-03-18T11:08:00","38","completed","56 Oxford Street","London","England","W1D 1BS","UK","3.5","0.034","true",""
"MUM_GOL_12","GoLogistics","South Mumbai","2024-03-17","2024-03-17T13:05:00","2024-03-17T13:47:00","42","completed","17 Marine Drive","Mumbai","MH","400002","IN","4.2","0.048","true",""
"BER_BC_20","BlueCargo","Berlin City Center","2024-03-19","2024-03-19T08:45:00","2024-03-19T09:25:00","40","completed","2 Friedrichstrasse","Berlin","BE","10117","DE","2.9","0.02","true",""
"TKY_SEXP_19","SwiftExpress","Shinjuku, Tokyo","2024-03-19","2024-03-19T16:00:00","2024-03-19T16:39:00","39","completed","8 Chome-1 Nishishinjuku","Tokyo","Tokyo","160-0023","JP","3.7","0.029","true",""
"SYD_GOL_02","GoLogistics","Sydney CBD","2024-03-18","2024-03-18T11:50:00","2024-03-18T12:32:00","42","completed","22 George Street","Sydney","NSW","2000","AU","4.5","0.041","true",""
"PAR_PJ_05","ParcelJet","Paris 7th Arr.","2024-03-17","2024-03-17T17:06:00","2024-03-17T17:44:00","38","completed","15 Rue Cler","Paris","IDF","75007","FR","3.1","0.027","true",""
"JHB_BC_08","BlueCargo","Sandton, Johannesburg","2024-03-18","2024-03-18T14:18:00","2024-03-18T14:53:00","35","completed","89 Rivonia Road","Johannesburg","GP","2196","ZA","2.6","0.018","true",""
"TOR_SEXP_22","SwiftExpress","Downtown Toronto","2024-03-20","2024-03-20T13:37:00","2024-03-20T14:17:00","40","completed","12 Yonge Street","Toronto","ON","M5E 1Z9","CA","3.3","0.025","true",""
"CHI_PJ_31","ParcelJet","Chicago Loop","2024-03-19","2024-03-19T12:44:00","2024-03-19T13:19:00","35","completed","233 S Wacker Dr","Chicago","IL","60606","USA","2.1","0.017","true",""
"SGP_GOL_14","GoLogistics","Orchard Road, Singapore","2024-03-20","2024-03-20T16:23:00","2024-03-20T17:08:00","45","completed","390 Orchard Road","Singapore","SG","238871","SG","2.8","0.021","true",""
"MAD_BC_61","BlueCargo","Centro, Madrid","2024-03-18","2024-03-18T11:02:00","2024-03-18T11:40:00","38","completed","18 Calle Mayor","Madrid","MD","28013","ES","3.6","0.03","true",""
"BLR_SEXP_07","SwiftExpress","Koramangala, Bangalore","2024-03-17","2024-03-17T10:15:00","2024-03-17T11:01:00","46","completed","61 7th Main Rd","Bangalore","KA","560034","IN","4.8","0.043","true",""
"DXB_PJ_09","ParcelJet","Downtown Dubai","2024-03-19","2024-03-19T18:12:00","2024-03-19T19:00:00","48","completed","1 Sheikh Mohammed Blvd","Dubai","DXB","00000","AE","5","0.044","true",""
"SPB_GOL_06","GoLogistics","Tsentralny, St Petersburg","2024-03-18","2024-03-18T15:09:00","2024-03-18T15:51:00","42","completed","12 Nevsky Prospect","St Petersburg","RU","191025","RU","3.9","0.033","true",""
"RIO_BC_23","BlueCargo","Copacabana, Rio","2024-03-17","2024-03-17T17:42:00","2024-03-17T18:16:00","34","completed","220 Av Atlantica","Rio de Janeiro","RJ","22021-001","BR","2.2","0.015","true",""
"DUB_SEXP_41","SwiftExpress","Dublin 2","2024-03-20","2024-03-20T12:20:00","2024-03-20T12:57:00","37","completed","33 Baggot Street","Dublin","Leinster","D02 XY43","IE","3.2","0.024","true",""
"AKL_PJ_27","ParcelJet","Auckland CBD","2024-03-19","2024-03-19T15:15:00","2024-03-19T15:48:00","33","completed","48 Queen Street","Auckland","Auckland","1010","NZ","2","0.014","true",""
"MEX_GOL_17","GoLogistics","Polanco, Mexico City","2024-03-18","2024-03-18T09:08:00","2024-03-18T09:47:00","39","completed","110 Av Presidente Masaryk","Mexico City","CDMX","11560","MX","2.4","0.019","true",""
"NYC_BC_59","BlueCargo","Brooklyn, NYC","2024-03-17","2024-03-17T09:30:00","2024-03-17T09:48:00","18","delayed","81 Flatbush Ave","Brooklyn","NY","11201","USA","1.8","0.008","true","Traffic congestion"
"LDN_GOL_44","GoLogistics","Westminster, London","2024-03-18","2024-03-18T15:14:00","2024-03-18T15:41:00","27","delayed","10 Downing Street","London","England","SW1A 2AA","UK","2.3","0.011","true","Extreme weather"
"SYD_BC_35","BlueCargo","Bondi Beach, Sydney","2024-03-19","2024-03-19T11:10:00","2024-03-19T11:35:00","25","delayed","21 Campbell Parade","Sydney","NSW","2026","AU","1.2","0.007","true","Traffic congestion"
"MAD_SEXP_53","SwiftExpress","Salamanca, Madrid","2024-03-20","2024-03-20T14:00:00","2024-03-20T14:29:00","29","delayed","31 Calle Serrano","Madrid","MD","28001","ES","1.9","0.009","true","Recipient unavailable"
"PAR_PJ_60","ParcelJet","Montmartre, Paris","2024-03-19","2024-03-19T16:55:00","2024-03-19T17:27:00","32","delayed","8 Rue Lepic","Paris","IDF","75018","FR","1.5","0.006","true","Vehicle breakdown"
"JHB_GOL_39","GoLogistics","Rosebank, Johannesburg","2024-03-18","2024-03-18T11:33:00","2024-03-18T11:49:00","16","delayed","13 Bath Avenue","Johannesburg","GP","2196","ZA","0.9","0.005","true","Extreme weather"
"TOR_BC_68","BlueCargo","North York, Toronto","2024-03-17","2024-03-17T10:16:00","2024-03-17T10:32:00","16","delayed","88 Sheppard Ave E","Toronto","ON","M2N 6C6","CA","0.8","0.004","true","Traffic congestion"
"NYC_PJ_90","ParcelJet","Harlem, NYC","2024-03-18","2024-03-18T13:15:00","2024-03-18T13:45:00","30","in_transit","125 Malcolm X Blvd","New York","NY","10027","USA","2.7","0.021","false",""
"LDN_SEXP_66","SwiftExpress","Canary Wharf, London","2024-03-19","2024-03-19T17:02:00","2024-03-19T17:32:00","30","in_transit","1 Canada Square","London","England","E14 5AB","UK","3.3","0.027","false",""
"SYD_GOL_81","GoLogistics","Chatswood, Sydney","2024-03-20","2024-03-20T09:10:00","2024-03-20T09:35:00","25","in_transit","1 Victoria Ave","Sydney","NSW","2067","AU","1.6","0.011","false",""
"PAR_BC_77","BlueCargo","Le Marais, Paris","2024-03-17","2024-03-17T18:22:00","2024-03-17T18:56:00","34","in_transit","23 Rue des Archives","Paris","IDF","75004","FR","2.5","0.018","false",""
"JHB_SEXP_25","SwiftExpress","Maboneng, Johannesburg","2024-03-18","2024-03-18T09:28:00","2024-03-18T09:45:00","17","failed","276 Fox St","Johannesburg","GP","2094","ZA","0","0","false","Recipient unavailable"
"TOR_PJ_84","ParcelJet","Etobicoke, Toronto","2024-03-19","2024-03-19T16:02:00","2024-03-19T16:18:00","16","failed","420 Kipling Ave","Toronto","ON","M8V 3T1","CA","0","0","false","Extreme weather"
"SYD_BC_94","BlueCargo","Surry Hills, Sydney","2024-03-20","2024-03-20T09:05:00","2024-03-20T09:15:00","10","failed","53 Crown Street","Sydney","NSW","2010","AU","0","0","false","Vehicle breakdown"
"LDN_GOL_20","GoLogistics","Brixton, London","2024-03-17","2024-03-17T17:41:00","2024-03-17T18:00:00","19","failed","99 Coldharbour Lane","London","England","SW9 8PS","UK","0","0","false","Recipient unavailable"
"NYC_BC_32","BlueCargo","Queens, NYC","2024-03-18","2024-03-18T10:22:00","2024-03-18T10:37:00","15","cancelled","102-15 89th Ave","Queens","NY","11418","USA","0","0","false","Recipient unavailable"
"BER_SEXP_70","SwiftExpress","Prenzlauer Berg, Berlin","2024-03-19","2024-03-19T12:20:00","2024-03-19T12:35:00","15","cancelled","15 Kastanienallee","Berlin","BE","10435","DE","0","0","false","Extreme weather"
"CHI_PJ_73","ParcelJet","Lincoln Park, Chicago","2024-03-20","2024-03-20T14:12:00","2024-03-20T14:29:00","17","cancelled","1960 N Lincoln Park W","Chicago","IL","60614","USA","0","0","false","Recipient unavailable"
"NYC_GOL_51","GoLogistics","Staten Island, NYC","2024-03-19","2024-03-19T09:40:00","2024-03-19T09:57:00","17","cancelled","14 Richmond Terrace","Staten Island","NY","10301","USA","0","0","false","Vehicle breakdown"
"BLR_BC_100","BlueCargo","Indiranagar, Bangalore","2024-03-20","2024-03-20T16:05:00","2024-03-20T16:49:00","44","completed","152 100 Feet Road","Bangalore","KA","560038","IN","5.5","0.048","true",""
"DXB_SEXP_88","SwiftExpress","Jumeirah, Dubai","2024-03-17","2024-03-17T14:20:00","2024-03-17T15:09:00","49","completed","102 Jumeirah Beach Rd","Dubai","DXB","00000","AE","5.8","0.05","true",""
"DUB_GOL_93","GoLogistics","Ballsbridge, Dublin","2024-03-19","2024-03-19T11:05:00","2024-03-19T11:37:00","32","completed","39 Shelbourne Rd","Dublin","Leinster","D04 H6K0","IE","3","0.022","true",""
"SPB_PJ_98","ParcelJet","Vasileostrovsky, St Petersburg","2024-03-18","2024-03-18T10:40:00","2024-03-18T11:19:00","39","completed","12 1st Line V.O.","St Petersburg","RU","199004","RU","2.7","0.018","true",""
"RIO_GOL_03","GoLogistics","Ipanema, Rio","2024-03-20","2024-03-20T17:01:00","2024-03-20T17:30:00","29","completed","99 Rua Visconde de Pirajá","Rio de Janeiro","RJ","22410-001","BR","1.9","0.01","true",""
"AKL_BC_30","BlueCargo","Ponsonby, Auckland","2024-03-18","2024-03-18T12:28:00","2024-03-18T13:04:00","36","completed","20 Ponsonby Road","Auckland","Auckland","1011","NZ","2.6","0.015","true",""
"PX2024_001A","ParcelJet","Lisbon","2024-06-11","2024-06-11T09:37:00","2024-06-11T09:57:00","20","completed","Rua do Sol 98","Lisbon","Lisboa","1100-360","PT","0.65","0.007","true",""
"BG_2024_002","BlueCargo","Vancouver","2024-06-11","2024-06-11T10:12:00","2024-06-11T10:50:00","38","completed","Granville St 415","Vancouver","BC","V6C 1T2","CA","2.35","0.023","true",""
"GL_2024_003","GoLogistics","Kampala","2024-06-11","2024-06-11T08:15:00","2024-06-11T08:50:00","35","completed","Bombo Road 17","Kampala","Central","UG 25601","UG","3.2","0.019","true",""
"SE_2024_004","SwiftExpress","Dubai","2024-06-11","2024-06-11T13:23:00","2024-06-11T13:58:00","35","completed","Sheikh Zayed Rd 51","Dubai","Dubai","AE 00123","AE","2.75","0.025","true",""
"PJ2024_005","ParcelJet","Osaka","2024-06-11","2024-06-11T11:02:00","2024-06-11T11:22:00","20","completed","Namba Street 22","Osaka","Osaka","542-0076","JP","1.1","0.013","false",""
"GL_2024_006","GoLogistics","Barcelona","2024-06-11","2024-06-11T10:44:00","2024-06-11T11:29:00","45","completed","Carrer de Sants 33","Barcelona","Catalunya","08014","ES","1.7","0.015","true",""
"BC_2024_007","BlueCargo","Dublin","2024-06-11","2024-06-11T14:30:00","2024-06-11T15:00:00","30","completed","O'Connell St 4","Dublin","Leinster","D02 XY43","IE","2.2","0.018","true",""
"SE_2024_008","SwiftExpress","Cape Town","2024-06-11","2024-06-11T16:05:00","2024-06-11T16:45:00","40","completed","Long St 107","Cape Town","Western Cape","8001","ZA","3.8","0.026","true",""
"PJ2024_009","ParcelJet","Seattle","2024-06-11","2024-06-11T12:04:00","2024-06-11T12:49:00","45","completed","Pine St 1803","Seattle","WA","98101","USA","2.9","0.027","true",""
"GL_2024_010","GoLogistics","Mumbai","2024-06-11","2024-06-11T15:59:00","2024-06-11T16:44:00","45","completed","Dr Ambedkar Rd 220","Mumbai","MH","400012","IN","1.65","0.016","true",""
"BC_2024_011","BlueCargo","Vienna","2024-06-11","2024-06-11T09:00:00","2024-06-11T09:32:00","32","completed","Kärntner Strasse 45","Vienna","Vienna","1010","AT","2.15","0.017","true",""
"SE_2024_012","SwiftExpress","Boston","2024-06-11","2024-06-11T11:11:00","2024-06-11T11:36:00","25","completed","Boylston St 33","Boston","MA","02116","USA","1.05","0.009","false",""
"PJ2024_013","ParcelJet","Manchester","2024-06-11","2024-06-11T14:40:00","2024-06-11T15:15:00","35","completed","Deansgate 200","Manchester","England","M1 2WN","UK","3.15","0.021","true",""
"GL_2024_014","GoLogistics","Zurich","2024-06-11","2024-06-11T17:30:00","2024-06-11T18:10:00","40","completed","Bahnhofstrasse 44","Zurich","Zurich","8001","CH","2.95","0.028","true",""
"BC_2024_015","BlueCargo","Jakarta","2024-06-11","2024-06-11T13:10:00","2024-06-11T13:35:00","25","completed","Jalan Sudirman 77","Jakarta","DKI","10220","ID","1.45","0.011","false",""
"SE_2024_016","SwiftExpress","Athens","2024-06-11","2024-06-11T09:01:00","2024-06-11T09:41:00","40","completed","Ermou St 21","Athens","Attica","10563","GR","3.4","0.029","true",""
"PJ2024_017","ParcelJet","Prague","2024-06-11","2024-06-11T12:25:00","2024-06-11T12:50:00","25","completed","Na Prikope 12","Prague","Prague","11000","CZ","1.27","0.012","false",""
"GL_2024_018","GoLogistics","Buenos Aires","2024-06-11","2024-06-11T17:15:00","2024-06-11T17:50:00","35","completed","Avenida Corrientes 55","Buenos Aires","BA","C1043","AR","2.05","0.014","true",""
"BC_2024_019","BlueCargo","Copenhagen","2024-06-11","2024-06-11T09:44:00","2024-06-11T10:14:00","30","completed","Strøget 89","Copenhagen","Capital","1555","DK","2.16","0.018","true",""
"SE_2024_020","SwiftExpress","Helsinki","2024-06-11","2024-06-11T10:51:00","2024-06-11T11:29:00","38","completed","Mannerheimintie 7","Helsinki","Uusimaa","00100","FI","2.89","0.022","true",""
"PJ2024_021","ParcelJet","Nairobi","2024-06-11","2024-06-11T08:48:00","2024-06-11T09:23:00","35","completed","Moi Ave 102","Nairobi","Nairobi","KE 00100","KE","2.3","0.017","true",""
"GL_2024_022","GoLogistics","San Juan","2024-06-11","2024-06-11T09:15:00","2024-06-11T09:48:00","33","completed","Calle San Jose 61","San Juan","PR","00901","USA","1.85","0.016","true",""
"BC_2024_023","BlueCargo","Wellington","2024-06-11","2024-06-11T08:18:00","2024-06-11T08:53:00","35","completed","Lambton Quay 171","Wellington","Wellington","6011","NZ","2.74","0.021","true",""
"SE_2024_024","SwiftExpress","Philadelphia","2024-06-11","2024-06-11T10:05:00","2024-06-11T10:40:00","35","completed","Market St 1100","Philadelphia","PA","19107","USA","2.85","0.024","false",""
"PJ2024_025","ParcelJet","Stockholm","2024-06-11","2024-06-11T14:33:00","2024-06-11T15:16:00","43","completed","Drottninggatan 56","Stockholm","Stockholm","11121","SE","2.8","0.021","true",""
"GL_2024_026","GoLogistics","Ankara","2024-06-11","2024-06-11T09:22:00","2024-06-11T09:57:00","35","completed","Atatürk Blvd 43","Ankara","Ankara","06000","TR","2.5","0.016","true",""
"BC_2024_027","BlueCargo","Lagos","2024-06-11","2024-06-11T12:18:00","2024-06-11T12:53:00","35","completed","Awolowo Rd 79","Lagos","Lagos","100001","NG","2.95","0.019","true",""
"SE_2024_028","SwiftExpress","Brussels","2024-06-11","2024-06-11T13:53:00","2024-06-11T14:28:00","35","completed","Rue Neuve 33","Brussels","Brussels","1000","BE","2.8","0.018","true",""
"PJ2024_029","ParcelJet","Rio de Janeiro","2024-06-11","2024-06-11T16:35:00","2024-06-11T17:10:00","35","completed","Av Atlântica 1200","Rio de Janeiro","RJ","22021-001","BR","2.4","0.017","true",""
"GL_2024_030","GoLogistics","Hanoi","2024-06-11","2024-06-11T11:00:00","2024-06-11T11:35:00","35","completed","Pho Hue 2","Hanoi","Hanoi","100000","VN","2.7","0.021","true",""
"BC_2024_031","BlueCargo","Cairo","2024-06-11","2024-06-11T14:50:00","2024-06-11T15:25:00","35","completed","Tahrir St 33","Cairo","Cairo","11511","EG","2.75","0.019","true",""
"SE_2024_032","SwiftExpress","Seoul","2024-06-11","2024-06-11T11:17:00","2024-06-11T11:52:00","35","completed","Gangnam-daero 123","Seoul","Seoul","06130","KR","3","0.024","true",""
"PJ2024_033","ParcelJet","Miami","2024-06-11","2024-06-11T10:09:00","2024-06-11T10:44:00","35","completed","Biscayne Blvd 10","Miami","FL","33132","USA","2.6","0.02","true",""
"GL_2024_034","GoLogistics","Beijing","2024-06-11","2024-06-11T16:00:00","2024-06-11T16:35:00","35","completed","Wangfujing St 28","Beijing","Beijing","100006","CN","2.5","0.018","true",""
"BC_2024_035","BlueCargo","Edinburgh","2024-06-11","2024-06-11T09:25:00","2024-06-11T09:54:00","29","completed","Princes St 18","Edinburgh","Scotland","EH2 2HG","UK","2.15","0.015","true",""
"SE_2024_036","SwiftExpress","Reykjavik","2024-06-11","2024-06-11T17:10:00","2024-06-11T17:45:00","35","completed","Laugavegur 121","Reykjavik","Capital","101","IS","2.95","0.019","true",""
"PJ2024_037","ParcelJet","Budapest","2024-06-11","2024-06-11T08:55:00","2024-06-11T09:30:00","35","completed","Váci utca 22","Budapest","Pest","1052","HU","2.8","0.021","true",""
"GL_2024_038","GoLogistics","Brisbane","2024-06-11","2024-06-11T12:22:00","2024-06-11T12:57:00","35","completed","Queen St 55","Brisbane","QLD","4000","AU","2.6","0.022","true",""
"BC_2024_039","BlueCargo","Moscow","2024-06-11","2024-06-11T09:25:00","2024-06-11T09:54:00","29","completed","Tverskaya St 18","Moscow","Moscow","125009","RU","2.15","0.015","true",""
"SE_2024_040","SwiftExpress","Abu Dhabi","2024-06-11","2024-06-11T14:50:00","2024-06-11T15:25:00","35","completed","Corniche Rd 44","Abu Dhabi","Abu Dhabi","AE 00234","AE","2.95","0.019","true",""
"PJ2024_041","ParcelJet","Montreal","2024-06-11","2024-06-11T10:09:00","2024-06-11T10:44:00","35","completed","Rue Saint-Paul 120","Montreal","QC","H2Y 1Z7","CA","2.6","0.02","true",""
"GL_2024_042","GoLogistics","Accra","2024-06-11","2024-06-11T16:00:00","2024-06-11T16:35:00","35","completed","Oxford St 28","Accra","Greater Accra","GA-184-1234","GH","2.5","0.018","true",""
"BC_2024_043","BlueCargo","Hanoi","2024-06-11","2024-06-11T11:00:00","2024-06-11T11:35:00","35","completed","Pho Hue 2","Hanoi","Hanoi","100000","VN","2.7","0.021","true",""
"SE_2024_044","SwiftExpress","Cape Town","2024-06-11","2024-06-11T16:05:00","2024-06-11T16:45:00","40","completed","Long St 107","Cape Town","Western Cape","8001","ZA","3.8","0.026","true",""
"PJ2024_045","ParcelJet","Boston","2024-06-11","2024-06-11T11:11:00","2024-06-11T11:36:00","25","completed","Boylston St 33","Boston","MA","02116","USA","1.05","0.009","false",""
"GL_2024_046","GoLogistics","Prague","2024-06-11","2024-06-11T12:25:00","2024-06-11T12:50:00","25","completed","Na Prikope 12","Prague","Prague","11000","CZ","1.27","0.012","false",""
"BC_2024_047","BlueCargo","Madrid","2024-06-11","2024-06-11T08:33:00","2024-06-11T09:08:00","35","completed","Gran Via 45","Madrid","Madrid","28013-001","ES","2.5","0.017","true",""
"SE_2024_048","SwiftExpress","Sydney","2024-06-11","2024-06-11T14:01:00","2024-06-11T14:36:00","35","completed","George St 500","Sydney","NSW","2000","AU","2.85","0.02","false",""
"PJ2024_049","ParcelJet","Rome","2024-06-11","2024-06-11T16:15:00","2024-06-11T16:50:00","35","completed","Via del Corso 81","Rome","Lazio","00186","IT","2.9","0.021","true",""
"GL_2024_050","GoLogistics","Bangkok","2024-06-11","2024-06-11T08:40:00","2024-06-11T09:15:00","35","completed","Sukhumvit Rd 55","Bangkok","Bangkok","10110","TH","2.75","0.018","true",""
"JX93_k2BvT","GoLogistics","Nairobi Metro","2024-03-03","2024-03-03T09:06:00","2024-03-03T09:36:00","30","completed","7 Parklands Ave","Nairobi","Nairobi","00100","KE","2.12","0.021","true",""
"TQ7_Lp9fB6","SwiftExpress","Berlin Central","2024-04-11","2024-04-11T11:35:00","2024-04-11T12:10:00","35","completed","31 Friedrichstr","Berlin","Berlin","10117","DE","8.24","0.042","true",""
"G4fV_7syNp","ParcelJet","Tokyo Shibuya","2024-02-15","2024-02-15T13:45:00","2024-02-15T14:20:00","35","completed","2-19-5 Dogenzaka","Tokyo","Tokyo","150-0043","JP","3.31","0.021","false",""
"N7q8_GZv0Q","BlueCargo","San Francisco Bay","2024-05-19","2024-05-19T08:50:00","2024-05-19T09:20:00","30","completed","400 Market St","San Francisco","CA","94111","USA","1.85","0.019","true",""
"P1rV_Mj8xL","GoLogistics","London West","2024-06-07","2024-06-07T15:25:00","2024-06-07T16:25:00","60","delayed","81 Oxford St","London","England","W1D 2EU","UK","2.75","0.028","true","Traffic congestion"
"Q8uB_Vw5rF","ParcelJet","Sydney CBD","2024-05-23","2024-05-23T09:15:00","2024-05-23T09:45:00","30","completed","22 Pitt Street","Sydney","NSW","2000","AU","0.97","0.009","true",""
"F6lD_Ks2yQ","SwiftExpress","Toronto Downtown","2024-04-21","2024-04-21T14:30:00","2024-04-21T15:10:00","40","completed","156 King St W","Toronto","ON","M5H 1J9","CA","1.12","0.009","true",""
"L2rF_Tu6xJ","BlueCargo","Mumbai Navi","2024-05-03","2024-05-03T11:20:00","2024-05-03T12:20:00","60","delayed","9 Palm Beach Rd","Mumbai","MH","400706","IN","6.15","0.031","false","Extreme weather"
"K3wN_Ep5zU","GoLogistics","Madrid Centro","2024-03-29","2024-03-29T10:10:00","2024-03-29T10:40:00","30","completed","10 Gran Via","Madrid","Madrid","28013-001","ES","2.98","0.017","true",""
"M8yB_Pk6vL","SwiftExpress","Cape Town City","2024-05-12","2024-05-12T13:55:00","2024-05-12T14:25:00","30","completed","27 Loop Street","Cape Town","Western Cape","8001","ZA","1.24","0.008","false",""
"R5uX_Nb8yH","ParcelJet","Chicago Loop","2024-06-01","2024-06-01T10:05:00","2024-06-01T10:55:00","50","completed","350 S State St","Chicago","IL","60605","USA","4.73","0.034","true",""
"S9vA_Dj1mP","BlueCargo","Paris Montmartre","2024-04-14","2024-04-14T16:40:00","2024-04-14T17:10:00","30","completed","88 Rue Lepic","Paris","Île-de-France","75018","FR","1.79","0.011","true",""